;Var1;Var2;target;;;;;;;;;
0;117;52;true;,{Var1:117,Var2:52,spam:true};;;458;0;;var1;0;500
1;31;21;true;,{Var1:31,Var2:21,spam:true};;;439;-436;;var2;-500;500
2;107;-116;true;,{Var1:107,Var2:-116,spam:true};;;;;;;;
3;277;-223;true;,{Var1:277,Var2:-223,spam:true};;;;;;;;
4;248;199;true;,{Var1:248,Var2:199,spam:true};;;;;;;;
5;120;-20;true;,{Var1:120,Var2:-20,spam:true};;;;;;;;
6;152;104;true;,{Var1:152,Var2:104,spam:true};;;;;;;;
7;260;1;true;,{Var1:260,Var2:1,spam:true};;;;;;;;
8;105;-114;true;,{Var1:105,Var2:-114,spam:true};;;;;;;;
9;73;85;true;,{Var1:73,Var2:85,spam:true};;;;;;;;
10;43;47;true;,{Var1:43,Var2:47,spam:true};;;;;;;;
11;156;94;true;,{Var1:156,Var2:94,spam:true};;;;;;;;
12;132;14;true;,{Var1:132,Var2:14,spam:true};;;;;;;;
13;359;-347;true;,{Var1:359,Var2:-347,spam:true};;;;;;;;
14;60;62;true;,{Var1:60,Var2:62,spam:true};;;;;;;;
15;253;-214;true;,{Var1:253,Var2:-214,spam:true};;;;;;;;
16;150;86;true;,{Var1:150,Var2:86,spam:true};;;;;;;;
17;15;17;true;,{Var1:15,Var2:17,spam:true};;;;;;;;
18;155;33;true;,{Var1:155,Var2:33,spam:true};;;;;;;;
19;286;193;true;,{Var1:286,Var2:193,spam:true};;;;;;;;
20;21;6;true;,{Var1:21,Var2:6,spam:true};;;;;;;;
21;28;28;true;,{Var1:28,Var2:28,spam:true};;;;;;;;
22;277;-78;true;,{Var1:277,Var2:-78,spam:true};;;;;;;;
23;99;-22;true;,{Var1:99,Var2:-22,spam:true};;;;;;;;
24;107;15;true;,{Var1:107,Var2:15,spam:true};;;;;;;;
25;196;148;true;,{Var1:196,Var2:148,spam:true};;;;;;;;
26;41;19;true;,{Var1:41,Var2:19,spam:true};;;;;;;;
27;94;57;true;,{Var1:94,Var2:57,spam:true};;;;;;;;
28;122;-59;true;,{Var1:122,Var2:-59,spam:true};;;;;;;;
29;164;60;true;,{Var1:164,Var2:60,spam:true};;;;;;;;
30;168;-66;true;,{Var1:168,Var2:-66,spam:true};;;;;;;;
31;121;-7;true;,{Var1:121,Var2:-7,spam:true};;;;;;;;
32;147;-2;true;,{Var1:147,Var2:-2,spam:true};;;;;;;;
33;125;152;true;,{Var1:125,Var2:152,spam:true};;;;;;;;
34;170;145;true;,{Var1:170,Var2:145,spam:true};;;;;;;;
35;277;79;true;,{Var1:277,Var2:79,spam:true};;;;;;;;
36;240;-154;true;,{Var1:240,Var2:-154,spam:true};;;;;;;;
37;302;201;true;,{Var1:302,Var2:201,spam:true};;;;;;;;
38;260;1;true;,{Var1:260,Var2:1,spam:true};;;;;;;;
39;443;-393;true;,{Var1:443,Var2:-393,spam:true};;;;;;;;
40;166;-39;true;,{Var1:166,Var2:-39,spam:true};;;;;;;;
41;261;-157;true;,{Var1:261,Var2:-157,spam:true};;;;;;;;
42;165;-55;true;,{Var1:165,Var2:-55,spam:true};;;;;;;;
43;245;-141;true;,{Var1:245,Var2:-141,spam:true};;;;;;;;
44;110;-113;true;,{Var1:110,Var2:-113,spam:true};;;;;;;;
45;91;110;true;,{Var1:91,Var2:110,spam:true};;;;;;;;
46;203;135;true;,{Var1:203,Var2:135,spam:true};;;;;;;;
47;40;48;true;,{Var1:40,Var2:48,spam:true};;;;;;;;
48;161;-110;true;,{Var1:161,Var2:-110,spam:true};;;;;;;;
49;93;54;true;,{Var1:93,Var2:54,spam:true};;;;;;;;
50;146;-10;true;,{Var1:146,Var2:-10,spam:true};;;;;;;;
51;99;128;true;,{Var1:99,Var2:128,spam:true};;;;;;;;
52;209;92;true;,{Var1:209,Var2:92,spam:true};;;;;;;;
53;134;123;true;,{Var1:134,Var2:123,spam:true};;;;;;;;
54;128;199;true;,{Var1:128,Var2:199,spam:true};;;;;;;;
55;112;53;true;,{Var1:112,Var2:53,spam:true};;;;;;;;
56;150;86;true;,{Var1:150,Var2:86,spam:true};;;;;;;;
57;274;427;true;,{Var1:274,Var2:427,spam:true};;;;;;;;
58;188;-126;true;,{Var1:188,Var2:-126,spam:true};;;;;;;;
59;161;-110;true;,{Var1:161,Var2:-110,spam:true};;;;;;;;
60;216;-86;true;,{Var1:216,Var2:-86,spam:true};;;;;;;;
61;24;27;true;,{Var1:24,Var2:27,spam:true};;;;;;;;
62;26;-39;true;,{Var1:26,Var2:-39,spam:true};;;;;;;;
63;124;175;true;,{Var1:124,Var2:175,spam:true};;;;;;;;
64;268;172;true;,{Var1:268,Var2:172,spam:true};;;;;;;;
65;172;3;true;,{Var1:172,Var2:3,spam:true};;;;;;;;
66;76;46;true;,{Var1:76,Var2:46,spam:true};;;;;;;;
67;61;89;true;,{Var1:61,Var2:89,spam:true};;;;;;;;
68;317;336;true;,{Var1:317,Var2:336,spam:true};;;;;;;;
69;304;-216;true;,{Var1:304,Var2:-216,spam:true};;;;;;;;
70;155;34;true;,{Var1:155,Var2:34,spam:true};;;;;;;;
71;78;126;true;,{Var1:78,Var2:126,spam:true};;;;;;;;
72;131;-61;true;,{Var1:131,Var2:-61,spam:true};;;;;;;;
73;189;128;true;,{Var1:189,Var2:128,spam:true};;;;;;;;
74;150;131;true;,{Var1:150,Var2:131,spam:true};;;;;;;;
75;186;124;true;,{Var1:186,Var2:124,spam:true};;;;;;;;
76;89;106;true;,{Var1:89,Var2:106,spam:true};;;;;;;;
77;69;50;true;,{Var1:69,Var2:50,spam:true};;;;;;;;
78;142;0;true;,{Var1:142,Var2:0,spam:true};;;;;;;;
79;110;-118;true;,{Var1:110,Var2:-118,spam:true};;;;;;;;
80;178;80;true;,{Var1:178,Var2:80,spam:true};;;;;;;;
81;107;37;true;,{Var1:107,Var2:37,spam:true};;;;;;;;
82;391;-337;true;,{Var1:391,Var2:-337,spam:true};;;;;;;;
83;242;-38;true;,{Var1:242,Var2:-38,spam:true};;;;;;;;
84;199;-152;true;,{Var1:199,Var2:-152,spam:true};;;;;;;;
85;81;94;true;,{Var1:81,Var2:94,spam:true};;;;;;;;
86;331;-253;true;,{Var1:331,Var2:-253,spam:true};;;;;;;;
87;85;-28;true;,{Var1:85,Var2:-28,spam:true};;;;;;;;
88;96;103;true;,{Var1:96,Var2:103,spam:true};;;;;;;;
89;424;-436;true;,{Var1:424,Var2:-436,spam:true};;;;;;;;
90;39;31;true;,{Var1:39,Var2:31,spam:true};;;;;;;;
91;124;38;true;,{Var1:124,Var2:38,spam:true};;;;;;;;
92;86;71;true;,{Var1:86,Var2:71,spam:true};;;;;;;;
93;315;-216;true;,{Var1:315,Var2:-216,spam:true};;;;;;;;
94;132;114;true;,{Var1:132,Var2:114,spam:true};;;;;;;;
95;39;61;true;,{Var1:39,Var2:61,spam:true};;;;;;;;
96;276;-173;true;,{Var1:276,Var2:-173,spam:true};;;;;;;;
97;13;15;true;,{Var1:13,Var2:15,spam:true};;;;;;;;
98;66;57;true;,{Var1:66,Var2:57,spam:true};;;;;;;;
99;149;232;true;,{Var1:149,Var2:232,spam:true};;;;;;;;
100;216;16;true;,{Var1:216,Var2:16,spam:true};;;;;;;;
101;225;160;true;,{Var1:225,Var2:160,spam:true};;;;;;;;
102;194;-140;true;,{Var1:194,Var2:-140,spam:true};;;;;;;;
103;219;350;true;,{Var1:219,Var2:350,spam:true};;;;;;;;
104;87;102;true;,{Var1:87,Var2:102,spam:true};;;;;;;;
105;89;-38;true;,{Var1:89,Var2:-38,spam:true};;;;;;;;
106;143;141;true;,{Var1:143,Var2:141,spam:true};;;;;;;;
107;357;-355;true;,{Var1:357,Var2:-355,spam:true};;;;;;;;
108;220;-129;true;,{Var1:220,Var2:-129,spam:true};;;;;;;;
109;111;-117;true;,{Var1:111,Var2:-117,spam:true};;;;;;;;
110;198;-146;true;,{Var1:198,Var2:-146,spam:true};;;;;;;;
111;167;72;true;,{Var1:167,Var2:72,spam:true};;;;;;;;
112;209;-152;true;,{Var1:209,Var2:-152,spam:true};;;;;;;;
113;129;-131;true;,{Var1:129,Var2:-131,spam:true};;;;;;;;
114;305;-236;true;,{Var1:305,Var2:-236,spam:true};;;;;;;;
115;15;16;true;,{Var1:15,Var2:16,spam:true};;;;;;;;
116;147;-122;true;,{Var1:147,Var2:-122,spam:true};;;;;;;;
117;113;-116;true;,{Var1:113,Var2:-116,spam:true};;;;;;;;
118;103;-5;true;,{Var1:103,Var2:-5,spam:true};;;;;;;;
119;286;-250;true;,{Var1:286,Var2:-250,spam:true};;;;;;;;
120;243;-171;true;,{Var1:243,Var2:-171,spam:true};;;;;;;;
121;58;28;true;,{Var1:58,Var2:28,spam:true};;;;;;;;
122;156;28;true;,{Var1:156,Var2:28,spam:true};;;;;;;;
123;452;-403;true;,{Var1:452,Var2:-403,spam:true};;;;;;;;
124;109;74;true;,{Var1:109,Var2:74,spam:true};;;;;;;;
125;47;65;true;,{Var1:47,Var2:65,spam:true};;;;;;;;
126;121;-7;true;,{Var1:121,Var2:-7,spam:true};;;;;;;;
127;122;36;true;,{Var1:122,Var2:36,spam:true};;;;;;;;
128;104;135;true;,{Var1:104,Var2:135,spam:true};;;;;;;;
129;50;66;true;,{Var1:50,Var2:66,spam:true};;;;;;;;
130;316;263;true;,{Var1:316,Var2:263,spam:true};;;;;;;;
131;116;173;true;,{Var1:116,Var2:173,spam:true};;;;;;;;
132;114;130;true;,{Var1:114,Var2:130,spam:true};;;;;;;;
133;123;102;true;,{Var1:123,Var2:102,spam:true};;;;;;;;
134;252;-198;true;,{Var1:252,Var2:-198,spam:true};;;;;;;;
135;108;115;true;,{Var1:108,Var2:115,spam:true};;;;;;;;
136;120;-33;true;,{Var1:120,Var2:-33,spam:true};;;;;;;;
137;106;-113;true;,{Var1:106,Var2:-113,spam:true};;;;;;;;
138;168;-66;true;,{Var1:168,Var2:-66,spam:true};;;;;;;;
139;262;152;true;,{Var1:262,Var2:152,spam:true};;;;;;;;
140;95;90;true;,{Var1:95,Var2:90,spam:true};;;;;;;;
141;137;56;true;,{Var1:137,Var2:56,spam:true};;;;;;;;
142;182;-129;true;,{Var1:182,Var2:-129,spam:true};;;;;;;;
143;331;-253;true;,{Var1:331,Var2:-253,spam:true};;;;;;;;
144;45;42;true;,{Var1:45,Var2:42,spam:true};;;;;;;;
145;152;23;true;,{Var1:152,Var2:23,spam:true};;;;;;;;
146;178;148;true;,{Var1:178,Var2:148,spam:true};;;;;;;;
147;132;91;true;,{Var1:132,Var2:91,spam:true};;;;;;;;
148;132;-4;true;,{Var1:132,Var2:-4,spam:true};;;;;;;;
149;170;104;true;,{Var1:170,Var2:104,spam:true};;;;;;;;
150;196;-132;true;,{Var1:196,Var2:-132,spam:true};;;;;;;;
151;179;217;true;,{Var1:179,Var2:217,spam:true};;;;;;;;
152;145;-10;true;,{Var1:145,Var2:-10,spam:true};;;;;;;;
153;206;-166;true;,{Var1:206,Var2:-166,spam:true};;;;;;;;
154;242;90;true;,{Var1:242,Var2:90,spam:true};;;;;;;;
155;129;-103;true;,{Var1:129,Var2:-103,spam:true};;;;;;;;
156;87;58;true;,{Var1:87,Var2:58,spam:true};;;;;;;;
157;95;103;true;,{Var1:95,Var2:103,spam:true};;;;;;;;
158;134;77;true;,{Var1:134,Var2:77,spam:true};;;;;;;;
159;43;42;true;,{Var1:43,Var2:42,spam:true};;;;;;;;
160;355;-355;true;,{Var1:355,Var2:-355,spam:true};;;;;;;;
161;131;114;true;,{Var1:131,Var2:114,spam:true};;;;;;;;
162;99;65;true;,{Var1:99,Var2:65,spam:true};;;;;;;;
163;100;44;true;,{Var1:100,Var2:44,spam:true};;;;;;;;
164;30;-11;true;,{Var1:30,Var2:-11,spam:true};;;;;;;;
165;99;61;true;,{Var1:99,Var2:61,spam:true};;;;;;;;
166;73;85;true;,{Var1:73,Var2:85,spam:true};;;;;;;;
167;231;23;true;,{Var1:231,Var2:23,spam:true};;;;;;;;
168;32;17;true;,{Var1:32,Var2:17,spam:true};;;;;;;;
169;67;30;true;,{Var1:67,Var2:30,spam:true};;;;;;;;
170;157;176;true;,{Var1:157,Var2:176,spam:true};;;;;;;;
171;216;-86;true;,{Var1:216,Var2:-86,spam:true};;;;;;;;
172;171;-31;true;,{Var1:171,Var2:-31,spam:true};;;;;;;;
173;114;137;true;,{Var1:114,Var2:137,spam:true};;;;;;;;
174;100;53;true;,{Var1:100,Var2:53,spam:true};;;;;;;;
175;25;26;true;,{Var1:25,Var2:26,spam:true};;;;;;;;
176;320;334;true;,{Var1:320,Var2:334,spam:true};;;;;;;;
177;166;-39;true;,{Var1:166,Var2:-39,spam:true};;;;;;;;
178;141;76;true;,{Var1:141,Var2:76,spam:true};;;;;;;;
179;89;30;true;,{Var1:89,Var2:30,spam:true};;;;;;;;
180;217;182;true;,{Var1:217,Var2:182,spam:true};;;;;;;;
181;327;-260;true;,{Var1:327,Var2:-260,spam:true};;;;;;;;
182;117;-32;true;,{Var1:117,Var2:-32,spam:true};;;;;;;;
183;58;54;true;,{Var1:58,Var2:54,spam:true};;;;;;;;
184;58;67;true;,{Var1:58,Var2:67,spam:true};;;;;;;;
185;142;-4;true;,{Var1:142,Var2:-4,spam:true};;;;;;;;
186;115;-43;true;,{Var1:115,Var2:-43,spam:true};;;;;;;;
187;155;-104;true;,{Var1:155,Var2:-104,spam:true};;;;;;;;
188;73;93;true;,{Var1:73,Var2:93,spam:true};;;;;;;;
189;170;-83;true;,{Var1:170,Var2:-83,spam:true};;;;;;;;
190;83;47;true;,{Var1:83,Var2:47,spam:true};;;;;;;;
191;38;5;true;,{Var1:38,Var2:5,spam:true};;;;;;;;
192;277;-223;true;,{Var1:277,Var2:-223,spam:true};;;;;;;;
193;87;13;true;,{Var1:87,Var2:13,spam:true};;;;;;;;
194;91;110;true;,{Var1:91,Var2:110,spam:true};;;;;;;;
195;61;57;true;,{Var1:61,Var2:57,spam:true};;;;;;;;
196;99;38;true;,{Var1:99,Var2:38,spam:true};;;;;;;;
197;131;110;true;,{Var1:131,Var2:110,spam:true};;;;;;;;
198;77;45;true;,{Var1:77,Var2:45,spam:true};;;;;;;;
199;126;131;true;,{Var1:126,Var2:131,spam:true};;;;;;;;
200;187;88;true;,{Var1:187,Var2:88,spam:true};;;;;;;;
201;172;142;true;,{Var1:172,Var2:142,spam:true};;;;;;;;
202;75;-16;true;,{Var1:75,Var2:-16,spam:true};;;;;;;;
203;83;81;true;,{Var1:83,Var2:81,spam:true};;;;;;;;
204;112;41;true;,{Var1:112,Var2:41,spam:true};;;;;;;;
205;174;223;true;,{Var1:174,Var2:223,spam:true};;;;;;;;
206;262;439;true;,{Var1:262,Var2:439,spam:true};;;;;;;;
207;164;172;true;,{Var1:164,Var2:172,spam:true};;;;;;;;
208;228;-158;true;,{Var1:228,Var2:-158,spam:true};;;;;;;;
209;160;46;true;,{Var1:160,Var2:46,spam:true};;;;;;;;
210;169;72;true;,{Var1:169,Var2:72,spam:true};;;;;;;;
211;248;199;true;,{Var1:248,Var2:199,spam:true};;;;;;;;
212;313;281;true;,{Var1:313,Var2:281,spam:true};;;;;;;;
213;180;-136;true;,{Var1:180,Var2:-136,spam:true};;;;;;;;
214;122;51;true;,{Var1:122,Var2:51,spam:true};;;;;;;;
215;25;29;true;,{Var1:25,Var2:29,spam:true};;;;;;;;
216;99;91;true;,{Var1:99,Var2:91,spam:true};;;;;;;;
217;135;-28;true;,{Var1:135,Var2:-28,spam:true};;;;;;;;
218;178;77;true;,{Var1:178,Var2:77,spam:true};;;;;;;;
219;360;-324;true;,{Var1:360,Var2:-324,spam:true};;;;;;;;
220;105;117;true;,{Var1:105,Var2:117,spam:true};;;;;;;;
221;161;-64;true;,{Var1:161,Var2:-64,spam:true};;;;;;;;
222;151;-4;true;,{Var1:151,Var2:-4,spam:true};;;;;;;;
223;100;69;true;,{Var1:100,Var2:69,spam:true};;;;;;;;
224;340;227;true;,{Var1:340,Var2:227,spam:true};;;;;;;;
225;107;-114;true;,{Var1:107,Var2:-114,spam:true};;;;;;;;
226;118;154;true;,{Var1:118,Var2:154,spam:true};;;;;;;;
227;123;134;true;,{Var1:123,Var2:134,spam:true};;;;;;;;
228;101;80;true;,{Var1:101,Var2:80,spam:true};;;;;;;;
229;80;18;true;,{Var1:80,Var2:18,spam:true};;;;;;;;
230;10;3;true;,{Var1:10,Var2:3,spam:true};;;;;;;;
231;148;-17;true;,{Var1:148,Var2:-17,spam:true};;;;;;;;
232;154;6;true;,{Var1:154,Var2:6,spam:true};;;;;;;;
233;142;-4;true;,{Var1:142,Var2:-4,spam:true};;;;;;;;
234;204;1;true;,{Var1:204,Var2:1,spam:true};;;;;;;;
235;189;28;true;,{Var1:189,Var2:28,spam:true};;;;;;;;
236;353;-269;true;,{Var1:353,Var2:-269,spam:true};;;;;;;;
237;327;-260;true;,{Var1:327,Var2:-260,spam:true};;;;;;;;
238;245;-141;true;,{Var1:245,Var2:-141,spam:true};;;;;;;;
239;163;-99;true;,{Var1:163,Var2:-99,spam:true};;;;;;;;
240;38;61;true;,{Var1:38,Var2:61,spam:true};;;;;;;;
241;327;-260;true;,{Var1:327,Var2:-260,spam:true};;;;;;;;
242;63;59;true;,{Var1:63,Var2:59,spam:true};;;;;;;;
243;235;99;true;,{Var1:235,Var2:99,spam:true};;;;;;;;
244;301;-202;true;,{Var1:301,Var2:-202,spam:true};;;;;;;;
245;310;202;true;,{Var1:310,Var2:202,spam:true};;;;;;;;
246;89;-38;true;,{Var1:89,Var2:-38,spam:true};;;;;;;;
247;21;12;true;,{Var1:21,Var2:12,spam:true};;;;;;;;
248;135;153;true;,{Var1:135,Var2:153,spam:true};;;;;;;;
249;1;2;true;,{Var1:1,Var2:2,spam:true};;;;;;;;
250;258;260;true;,{Var1:258,Var2:260,spam:true};;;;;;;;
251;189;128;true;,{Var1:189,Var2:128,spam:true};;;;;;;;
252;229;150;true;,{Var1:229,Var2:150,spam:true};;;;;;;;
253;220;-129;true;,{Var1:220,Var2:-129,spam:true};;;;;;;;
254;116;-29;true;,{Var1:116,Var2:-29,spam:true};;;;;;;;
255;137;97;true;,{Var1:137,Var2:97,spam:true};;;;;;;;
256;163;224;true;,{Var1:163,Var2:224,spam:true};;;;;;;;
257;93;110;true;,{Var1:93,Var2:110,spam:true};;;;;;;;
258;169;186;true;,{Var1:169,Var2:186,spam:true};;;;;;;;
259;123;-60;true;,{Var1:123,Var2:-60,spam:true};;;;;;;;
260;233;172;true;,{Var1:233,Var2:172,spam:true};;;;;;;;
261;152;156;true;,{Var1:152,Var2:156,spam:true};;;;;;;;
262;117;-115;true;,{Var1:117,Var2:-115,spam:true};;;;;;;;
263;164;200;true;,{Var1:164,Var2:200,spam:true};;;;;;;;
264;246;-105;true;,{Var1:246,Var2:-105,spam:true};;;;;;;;
265;149;-109;true;,{Var1:149,Var2:-109,spam:true};;;;;;;;
266;83;47;true;,{Var1:83,Var2:47,spam:true};;;;;;;;
267;269;-236;true;,{Var1:269,Var2:-236,spam:true};;;;;;;;
268;196;167;true;,{Var1:196,Var2:167,spam:true};;;;;;;;
269;29;44;true;,{Var1:29,Var2:44,spam:true};;;;;;;;
270;99;8;true;,{Var1:99,Var2:8,spam:true};;;;;;;;
271;60;78;true;,{Var1:60,Var2:78,spam:true};;;;;;;;
272;81;23;true;,{Var1:81,Var2:23,spam:true};;;;;;;;
273;117;112;true;,{Var1:117,Var2:112,spam:true};;;;;;;;
274;48;-2;true;,{Var1:48,Var2:-2,spam:true};;;;;;;;
275;142;-63;true;,{Var1:142,Var2:-63,spam:true};;;;;;;;
276;270;65;true;,{Var1:270,Var2:65,spam:true};;;;;;;;
277;329;-321;true;,{Var1:329,Var2:-321,spam:true};;;;;;;;
278;235;161;true;,{Var1:235,Var2:161,spam:true};;;;;;;;
279;127;-17;true;,{Var1:127,Var2:-17,spam:true};;;;;;;;
280;174;223;true;,{Var1:174,Var2:223,spam:true};;;;;;;;
281;120;-59;true;,{Var1:120,Var2:-59,spam:true};;;;;;;;
282;132;91;true;,{Var1:132,Var2:91,spam:true};;;;;;;;
283;133;-19;true;,{Var1:133,Var2:-19,spam:true};;;;;;;;
284;262;439;true;,{Var1:262,Var2:439,spam:true};;;;;;;;
285;126;91;true;,{Var1:126,Var2:91,spam:true};;;;;;;;
286;34;33;true;,{Var1:34,Var2:33,spam:true};;;;;;;;
287;90;-8;true;,{Var1:90,Var2:-8,spam:true};;;;;;;;
288;0;0;true;,{Var1:0,Var2:0,spam:true};;;;;;;;
289;185;54;true;,{Var1:185,Var2:54,spam:true};;;;;;;;
290;86;87;true;,{Var1:86,Var2:87,spam:true};;;;;;;;
291;187;66;true;,{Var1:187,Var2:66,spam:true};;;;;;;;
292;202;273;true;,{Var1:202,Var2:273,spam:true};;;;;;;;
293;306;-230;true;,{Var1:306,Var2:-230,spam:true};;;;;;;;
294;177;17;true;,{Var1:177,Var2:17,spam:true};;;;;;;;
295;160;251;true;,{Var1:160,Var2:251,spam:true};;;;;;;;
296;132;87;true;,{Var1:132,Var2:87,spam:true};;;;;;;;
297;102;110;true;,{Var1:102,Var2:110,spam:true};;;;;;;;
298;26;30;true;,{Var1:26,Var2:30,spam:true};;;;;;;;
299;120;-33;true;,{Var1:120,Var2:-33,spam:true};;;;;;;;
300;170;145;true;,{Var1:170,Var2:145,spam:true};;;;;;;;
301;79;132;true;,{Var1:79,Var2:132,spam:true};;;;;;;;
302;59;57;true;,{Var1:59,Var2:57,spam:true};;;;;;;;
303;252;-217;true;,{Var1:252,Var2:-217,spam:true};;;;;;;;
304;337;354;true;,{Var1:337,Var2:354,spam:true};;;;;;;;
305;174;92;true;,{Var1:174,Var2:92,spam:true};;;;;;;;
306;119;118;true;,{Var1:119,Var2:118,spam:true};;;;;;;;
307;197;46;true;,{Var1:197,Var2:46,spam:true};;;;;;;;
308;69;50;true;,{Var1:69,Var2:50,spam:true};;;;;;;;
309;203;51;true;,{Var1:203,Var2:51,spam:true};;;;;;;;
310;141;-44;true;,{Var1:141,Var2:-44,spam:true};;;;;;;;
311;102;-29;true;,{Var1:102,Var2:-29,spam:true};;;;;;;;
312;286;193;true;,{Var1:286,Var2:193,spam:true};;;;;;;;
313;70;55;true;,{Var1:70,Var2:55,spam:true};;;;;;;;
314;337;-334;true;,{Var1:337,Var2:-334,spam:true};;;;;;;;
315;152;29;true;,{Var1:152,Var2:29,spam:true};;;;;;;;
316;56;37;true;,{Var1:56,Var2:37,spam:true};;;;;;;;
317;54;46;true;,{Var1:54,Var2:46,spam:true};;;;;;;;
318;302;-264;true;,{Var1:302,Var2:-264,spam:true};;;;;;;;
319;26;18;true;,{Var1:26,Var2:18,spam:true};;;;;;;;
320;63;59;true;,{Var1:63,Var2:59,spam:true};;;;;;;;
321;145;-66;true;,{Var1:145,Var2:-66,spam:true};;;;;;;;
322;238;169;true;,{Var1:238,Var2:169,spam:true};;;;;;;;
323;372;-365;true;,{Var1:372,Var2:-365,spam:true};;;;;;;;
324;34;33;true;,{Var1:34,Var2:33,spam:true};;;;;;;;
325;70;-8;true;,{Var1:70,Var2:-8,spam:true};;;;;;;;
326;127;-48;true;,{Var1:127,Var2:-48,spam:true};;;;;;;;
327;54;50;true;,{Var1:54,Var2:50,spam:true};;;;;;;;
328;143;35;true;,{Var1:143,Var2:35,spam:true};;;;;;;;
329;228;216;true;,{Var1:228,Var2:216,spam:true};;;;;;;;
330;121;-7;true;,{Var1:121,Var2:-7,spam:true};;;;;;;;
331;80;79;true;,{Var1:80,Var2:79,spam:true};;;;;;;;
332;244;196;true;,{Var1:244,Var2:196,spam:true};;;;;;;;
333;149;126;true;,{Var1:149,Var2:126,spam:true};;;;;;;;
334;59;36;true;,{Var1:59,Var2:36,spam:true};;;;;;;;
335;186;-124;true;,{Var1:186,Var2:-124,spam:true};;;;;;;;
336;211;195;true;,{Var1:211,Var2:195,spam:true};;;;;;;;
337;30;29;true;,{Var1:30,Var2:29,spam:true};;;;;;;;
338;317;336;true;,{Var1:317,Var2:336,spam:true};;;;;;;;
339;188;-126;true;,{Var1:188,Var2:-126,spam:true};;;;;;;;
340;387;-325;true;,{Var1:387,Var2:-325,spam:true};;;;;;;;
341;170;-83;true;,{Var1:170,Var2:-83,spam:true};;;;;;;;
342;73;55;true;,{Var1:73,Var2:55,spam:true};;;;;;;;
343;228;56;true;,{Var1:228,Var2:56,spam:true};;;;;;;;
344;150;-125;true;,{Var1:150,Var2:-125,spam:true};;;;;;;;
345;100;-27;true;,{Var1:100,Var2:-27,spam:true};;;;;;;;
346;145;-66;true;,{Var1:145,Var2:-66,spam:true};;;;;;;;
347;195;234;true;,{Var1:195,Var2:234,spam:true};;;;;;;;
348;25;31;true;,{Var1:25,Var2:31,spam:true};;;;;;;;
349;205;165;true;,{Var1:205,Var2:165,spam:true};;;;;;;;
350;235;99;true;,{Var1:235,Var2:99,spam:true};;;;;;;;
351;191;68;true;,{Var1:191,Var2:68,spam:true};;;;;;;;
352;142;-117;true;,{Var1:142,Var2:-117,spam:true};;;;;;;;
353;121;-7;true;,{Var1:121,Var2:-7,spam:true};;;;;;;;
354;134;-19;true;,{Var1:134,Var2:-19,spam:true};;;;;;;;
355;146;-12;true;,{Var1:146,Var2:-12,spam:true};;;;;;;;
356;289;308;true;,{Var1:289,Var2:308,spam:true};;;;;;;;
357;282;-179;true;,{Var1:282,Var2:-179,spam:true};;;;;;;;
358;178;48;true;,{Var1:178,Var2:48,spam:true};;;;;;;;
359;152;104;true;,{Var1:152,Var2:104,spam:true};;;;;;;;
360;216;178;true;,{Var1:216,Var2:178,spam:true};;;;;;;;
361;137;102;true;,{Var1:137,Var2:102,spam:true};;;;;;;;
362;185;27;true;,{Var1:185,Var2:27,spam:true};;;;;;;;
363;404;-412;true;,{Var1:404,Var2:-412,spam:true};;;;;;;;
364;181;29;true;,{Var1:181,Var2:29,spam:true};;;;;;;;
365;276;-173;true;,{Var1:276,Var2:-173,spam:true};;;;;;;;
366;156;-38;true;,{Var1:156,Var2:-38,spam:true};;;;;;;;
367;155;45;true;,{Var1:155,Var2:45,spam:true};;;;;;;;
368;89;56;true;,{Var1:89,Var2:56,spam:true};;;;;;;;
369;119;-45;true;,{Var1:119,Var2:-45,spam:true};;;;;;;;
370;237;-125;true;,{Var1:237,Var2:-125,spam:true};;;;;;;;
371;92;25;true;,{Var1:92,Var2:25,spam:true};;;;;;;;
372;96;-5;true;,{Var1:96,Var2:-5,spam:true};;;;;;;;
373;113;137;true;,{Var1:113,Var2:137,spam:true};;;;;;;;
374;43;42;true;,{Var1:43,Var2:42,spam:true};;;;;;;;
375;144;233;true;,{Var1:144,Var2:233,spam:true};;;;;;;;
376;171;172;true;,{Var1:171,Var2:172,spam:true};;;;;;;;
377;73;7;true;,{Var1:73,Var2:7,spam:true};;;;;;;;
378;164;172;true;,{Var1:164,Var2:172,spam:true};;;;;;;;
379;68;77;true;,{Var1:68,Var2:77,spam:true};;;;;;;;
380;106;117;true;,{Var1:106,Var2:117,spam:true};;;;;;;;
381;89;97;true;,{Var1:89,Var2:97,spam:true};;;;;;;;
382;220;180;true;,{Var1:220,Var2:180,spam:true};;;;;;;;
383;64;89;true;,{Var1:64,Var2:89,spam:true};;;;;;;;
384;111;11;true;,{Var1:111,Var2:11,spam:true};;;;;;;;
385;183;215;true;,{Var1:183,Var2:215,spam:true};;;;;;;;
386;116;39;true;,{Var1:116,Var2:39,spam:true};;;;;;;;
387;218;29;true;,{Var1:218,Var2:29,spam:true};;;;;;;;
388;155;-70;true;,{Var1:155,Var2:-70,spam:true};;;;;;;;
389;205;165;true;,{Var1:205,Var2:165,spam:true};;;;;;;;
390;165;-66;true;,{Var1:165,Var2:-66,spam:true};;;;;;;;
391;219;350;true;,{Var1:219,Var2:350,spam:true};;;;;;;;
392;151;67;true;,{Var1:151,Var2:67,spam:true};;;;;;;;
393;220;181;true;,{Var1:220,Var2:181,spam:true};;;;;;;;
394;170;249;true;,{Var1:170,Var2:249,spam:true};;;;;;;;
395;5;2;true;,{Var1:5,Var2:2,spam:true};;;;;;;;
396;134;56;true;,{Var1:134,Var2:56,spam:true};;;;;;;;
397;302;-202;true;,{Var1:302,Var2:-202,spam:true};;;;;;;;
398;116;-17;true;,{Var1:116,Var2:-17,spam:true};;;;;;;;
399;172;3;true;,{Var1:172,Var2:3,spam:true};;;;;;;;
400;70;51;true;,{Var1:70,Var2:51,spam:true};;;;;;;;
401;439;-384;true;,{Var1:439,Var2:-384,spam:true};;;;;;;;
402;187;39;true;,{Var1:187,Var2:39,spam:true};;;;;;;;
403;186;159;true;,{Var1:186,Var2:159,spam:true};;;;;;;;
404;250;9;true;,{Var1:250,Var2:9,spam:true};;;;;;;;
405;141;166;true;,{Var1:141,Var2:166,spam:true};;;;;;;;
406;154;-54;true;,{Var1:154,Var2:-54,spam:true};;;;;;;;
407;52;41;true;,{Var1:52,Var2:41,spam:true};;;;;;;;
408;67;8;true;,{Var1:67,Var2:8,spam:true};;;;;;;;
409;154;-54;true;,{Var1:154,Var2:-54,spam:true};;;;;;;;
410;136;152;true;,{Var1:136,Var2:152,spam:true};;;;;;;;
411;227;166;true;,{Var1:227,Var2:166,spam:true};;;;;;;;
412;155;-70;true;,{Var1:155,Var2:-70,spam:true};;;;;;;;
413;59;73;true;,{Var1:59,Var2:73,spam:true};;;;;;;;
414;59;73;true;,{Var1:59,Var2:73,spam:true};;;;;;;;
415;114;-13;true;,{Var1:114,Var2:-13,spam:true};;;;;;;;
416;282;-179;true;,{Var1:282,Var2:-179,spam:true};;;;;;;;
417;439;-384;true;,{Var1:439,Var2:-384,spam:true};;;;;;;;
418;9;10;true;,{Var1:9,Var2:10,spam:true};;;;;;;;
419;92;-23;true;,{Var1:92,Var2:-23,spam:true};;;;;;;;
420;40;76;true;,{Var1:40,Var2:76,spam:true};;;;;;;;
421;286;193;true;,{Var1:286,Var2:193,spam:true};;;;;;;;
422;64;78;true;,{Var1:64,Var2:78,spam:true};;;;;;;;
423;238;-84;true;,{Var1:238,Var2:-84,spam:true};;;;;;;;
424;177;87;true;,{Var1:177,Var2:87,spam:true};;;;;;;;
425;14;8;true;,{Var1:14,Var2:8,spam:true};;;;;;;;
426;160;46;true;,{Var1:160,Var2:46,spam:true};;;;;;;;
427;37;39;true;,{Var1:37,Var2:39,spam:true};;;;;;;;
428;109;103;true;,{Var1:109,Var2:103,spam:true};;;;;;;;
429;133;85;true;,{Var1:133,Var2:85,spam:true};;;;;;;;
430;216;-154;true;,{Var1:216,Var2:-154,spam:true};;;;;;;;
431;242;-157;true;,{Var1:242,Var2:-157,spam:true};;;;;;;;
432;79;87;true;,{Var1:79,Var2:87,spam:true};;;;;;;;
433;97;125;true;,{Var1:97,Var2:125,spam:true};;;;;;;;
434;258;260;true;,{Var1:258,Var2:260,spam:true};;;;;;;;
435;118;103;true;,{Var1:118,Var2:103,spam:true};;;;;;;;
436;88;-36;true;,{Var1:88,Var2:-36,spam:true};;;;;;;;
437;229;-27;true;,{Var1:229,Var2:-27,spam:true};;;;;;;;
438;179;242;true;,{Var1:179,Var2:242,spam:true};;;;;;;;
439;401;-409;true;,{Var1:401,Var2:-409,spam:true};;;;;;;;
440;48;58;true;,{Var1:48,Var2:58,spam:true};;;;;;;;
441;200;111;true;,{Var1:200,Var2:111,spam:true};;;;;;;;
442;157;118;true;,{Var1:157,Var2:118,spam:true};;;;;;;;
443;243;401;true;,{Var1:243,Var2:401,spam:true};;;;;;;;
444;46;57;true;,{Var1:46,Var2:57,spam:true};;;;;;;;
445;226;17;true;,{Var1:226,Var2:17,spam:true};;;;;;;;
446;247;-201;true;,{Var1:247,Var2:-201,spam:true};;;;;;;;
447;255;235;true;,{Var1:255,Var2:235,spam:true};;;;;;;;
448;218;29;true;,{Var1:218,Var2:29,spam:true};;;;;;;;
449;80;-7;true;,{Var1:80,Var2:-7,spam:true};;;;;;;;
450;144;40;true;,{Var1:144,Var2:40,spam:true};;;;;;;;
451;126;56;true;,{Var1:126,Var2:56,spam:true};;;;;;;;
452;83;81;true;,{Var1:83,Var2:81,spam:true};;;;;;;;
453;255;190;true;,{Var1:255,Var2:190,spam:true};;;;;;;;
454;155;46;true;,{Var1:155,Var2:46,spam:true};;;;;;;;
455;62;81;true;,{Var1:62,Var2:81,spam:true};;;;;;;;
456;161;51;true;,{Var1:161,Var2:51,spam:true};;;;;;;;
457;112;53;true;,{Var1:112,Var2:53,spam:true};;;;;;;;
458;23;10;true;,{Var1:23,Var2:10,spam:true};;;;;;;;
459;144;61;true;,{Var1:144,Var2:61,spam:true};;;;;;;;
460;65;94;true;,{Var1:65,Var2:94,spam:true};;;;;;;;
461;221;163;true;,{Var1:221,Var2:163,spam:true};;;;;;;;
462;168;246;true;,{Var1:168,Var2:246,spam:true};;;;;;;;
463;198;-123;true;,{Var1:198,Var2:-123,spam:true};;;;;;;;
464;143;-105;true;,{Var1:143,Var2:-105,spam:true};;;;;;;;
465;225;-145;true;,{Var1:225,Var2:-145,spam:true};;;;;;;;
466;150;206;true;,{Var1:150,Var2:206,spam:true};;;;;;;;
467;102;145;true;,{Var1:102,Var2:145,spam:true};;;;;;;;
468;247;15;true;,{Var1:247,Var2:15,spam:true};;;;;;;;
469;186;93;true;,{Var1:186,Var2:93,spam:true};;;;;;;;
470;54;41;true;,{Var1:54,Var2:41,spam:true};;;;;;;;
471;143;35;true;,{Var1:143,Var2:35,spam:true};;;;;;;;
472;73;84;true;,{Var1:73,Var2:84,spam:true};;;;;;;;
473;133;85;true;,{Var1:133,Var2:85,spam:true};;;;;;;;
474;45;51;true;,{Var1:45,Var2:51,spam:true};;;;;;;;
475;115;-1;true;,{Var1:115,Var2:-1,spam:true};;;;;;;;
476;126;91;true;,{Var1:126,Var2:91,spam:true};;;;;;;;
477;377;-379;true;,{Var1:377,Var2:-379,spam:true};;;;;;;;
478;165;211;true;,{Var1:165,Var2:211,spam:true};;;;;;;;
479;48;-2;true;,{Var1:48,Var2:-2,spam:true};;;;;;;;
480;195;234;true;,{Var1:195,Var2:234,spam:true};;;;;;;;
481;99;128;true;,{Var1:99,Var2:128,spam:true};;;;;;;;
482;170;-83;true;,{Var1:170,Var2:-83,spam:true};;;;;;;;
483;94;21;true;,{Var1:94,Var2:21,spam:true};;;;;;;;
484;188;205;true;,{Var1:188,Var2:205,spam:true};;;;;;;;
485;93;54;true;,{Var1:93,Var2:54,spam:true};;;;;;;;
486;280;-227;true;,{Var1:280,Var2:-227,spam:true};;;;;;;;
487;70;95;true;,{Var1:70,Var2:95,spam:true};;;;;;;;
488;282;-179;true;,{Var1:282,Var2:-179,spam:true};;;;;;;;
489;160;251;true;,{Var1:160,Var2:251,spam:true};;;;;;;;
490;197;1;true;,{Var1:197,Var2:1,spam:true};;;;;;;;
491;227;47;true;,{Var1:227,Var2:47,spam:true};;;;;;;;
492;93;54;true;,{Var1:93,Var2:54,spam:true};;;;;;;;
493;76;1;true;,{Var1:76,Var2:1,spam:true};;;;;;;;
494;172;3;true;,{Var1:172,Var2:3,spam:true};;;;;;;;
495;200;131;true;,{Var1:200,Var2:131,spam:true};;;;;;;;
496;10;5;true;,{Var1:10,Var2:5,spam:true};;;;;;;;
497;156;99;true;,{Var1:156,Var2:99,spam:true};;;;;;;;
498;282;-113;true;,{Var1:282,Var2:-113,spam:true};;;;;;;;
499;92;25;true;,{Var1:92,Var2:25,spam:true};;;;;;;;
500;55;53;true;,{Var1:55,Var2:53,spam:true};;;;;;;;
501;226;0;true;,{Var1:226,Var2:0,spam:true};;;;;;;;
502;74;11;true;,{Var1:74,Var2:11,spam:true};;;;;;;;
503;40;35;true;,{Var1:40,Var2:35,spam:true};;;;;;;;
504;226;0;true;,{Var1:226,Var2:0,spam:true};;;;;;;;
505;391;-337;true;,{Var1:391,Var2:-337,spam:true};;;;;;;;
506;180;-136;true;,{Var1:180,Var2:-136,spam:true};;;;;;;;
507;253;-207;true;,{Var1:253,Var2:-207,spam:true};;;;;;;;
508;226;17;true;,{Var1:226,Var2:17,spam:true};;;;;;;;
509;136;111;true;,{Var1:136,Var2:111,spam:true};;;;;;;;
510;65;88;true;,{Var1:65,Var2:88,spam:true};;;;;;;;
511;32;36;true;,{Var1:32,Var2:36,spam:true};;;;;;;;
512;215;-71;true;,{Var1:215,Var2:-71,spam:true};;;;;;;;
513;234;395;true;,{Var1:234,Var2:395,spam:true};;;;;;;;
514;104;23;true;,{Var1:104,Var2:23,spam:true};;;;;;;;
515;75;92;true;,{Var1:75,Var2:92,spam:true};;;;;;;;
516;131;42;true;,{Var1:131,Var2:42,spam:true};;;;;;;;
517;282;-113;true;,{Var1:282,Var2:-113,spam:true};;;;;;;;
518;263;-207;true;,{Var1:263,Var2:-207,spam:true};;;;;;;;
519;187;88;true;,{Var1:187,Var2:88,spam:true};;;;;;;;
520;281;47;true;,{Var1:281,Var2:47,spam:true};;;;;;;;
521;104;23;true;,{Var1:104,Var2:23,spam:true};;;;;;;;
522;57;50;true;,{Var1:57,Var2:50,spam:true};;;;;;;;
523;306;-230;true;,{Var1:306,Var2:-230,spam:true};;;;;;;;
524;115;-110;true;,{Var1:115,Var2:-110,spam:true};;;;;;;;
525;104;82;true;,{Var1:104,Var2:82,spam:true};;;;;;;;
526;86;86;true;,{Var1:86,Var2:86,spam:true};;;;;;;;
527;129;-131;true;,{Var1:129,Var2:-131,spam:true};;;;;;;;
528;247;15;true;,{Var1:247,Var2:15,spam:true};;;;;;;;
529;178;148;true;,{Var1:178,Var2:148,spam:true};;;;;;;;
530;130;188;true;,{Var1:130,Var2:188,spam:true};;;;;;;;
531;143;118;true;,{Var1:143,Var2:118,spam:true};;;;;;;;
532;45;48;true;,{Var1:45,Var2:48,spam:true};;;;;;;;
533;93;172;true;,{Var1:93,Var2:172,spam:true};;;;;;;;
534;77;86;true;,{Var1:77,Var2:86,spam:true};;;;;;;;
535;259;-211;true;,{Var1:259,Var2:-211,spam:true};;;;;;;;
536;130;26;true;,{Var1:130,Var2:26,spam:true};;;;;;;;
537;220;180;true;,{Var1:220,Var2:180,spam:true};;;;;;;;
538;194;90;true;,{Var1:194,Var2:90,spam:true};;;;;;;;
539;315;-216;true;,{Var1:315,Var2:-216,spam:true};;;;;;;;
540;79;102;true;,{Var1:79,Var2:102,spam:true};;;;;;;;
541;133;180;true;,{Var1:133,Var2:180,spam:true};;;;;;;;
542;191;-142;true;,{Var1:191,Var2:-142,spam:true};;;;;;;;
543;152;64;true;,{Var1:152,Var2:64,spam:true};;;;;;;;
544;301;-69;true;,{Var1:301,Var2:-69,spam:true};;;;;;;;
545;131;91;true;,{Var1:131,Var2:91,spam:true};;;;;;;;
546;114;-4;true;,{Var1:114,Var2:-4,spam:true};;;;;;;;
547;155;-104;true;,{Var1:155,Var2:-104,spam:true};;;;;;;;
548;66;13;true;,{Var1:66,Var2:13,spam:true};;;;;;;;
549;202;135;true;,{Var1:202,Var2:135,spam:true};;;;;;;;
550;267;-112;true;,{Var1:267,Var2:-112,spam:true};;;;;;;;
551;123;131;true;,{Var1:123,Var2:131,spam:true};;;;;;;;
552;171;172;true;,{Var1:171,Var2:172,spam:true};;;;;;;;
553;94;102;true;,{Var1:94,Var2:102,spam:true};;;;;;;;
554;59;-10;true;,{Var1:59,Var2:-10,spam:true};;;;;;;;
555;241;-184;true;,{Var1:241,Var2:-184,spam:true};;;;;;;;
556;107;37;true;,{Var1:107,Var2:37,spam:true};;;;;;;;
557;357;-355;true;,{Var1:357,Var2:-355,spam:true};;;;;;;;
558;149;-4;true;,{Var1:149,Var2:-4,spam:true};;;;;;;;
559;83;47;true;,{Var1:83,Var2:47,spam:true};;;;;;;;
560;36;43;true;,{Var1:36,Var2:43,spam:true};;;;;;;;
561;458;-390;true;,{Var1:458,Var2:-390,spam:true};;;;;;;;
562;273;-171;true;,{Var1:273,Var2:-171,spam:true};;;;;;;;
563;206;170;true;,{Var1:206,Var2:170,spam:true};;;;;;;;
564;89;38;true;,{Var1:89,Var2:38,spam:true};;;;;;;;
565;74;78;true;,{Var1:74,Var2:78,spam:true};;;;;;;;
566;168;-129;true;,{Var1:168,Var2:-129,spam:true};;;;;;;;
567;123;102;true;,{Var1:123,Var2:102,spam:true};;;;;;;;
568;146;-68;true;,{Var1:146,Var2:-68,spam:true};;;;;;;;
569;181;-180;true;,{Var1:181,Var2:-180,spam:true};;;;;;;;
570;218;29;true;,{Var1:218,Var2:29,spam:true};;;;;;;;
571;50;66;true;,{Var1:50,Var2:66,spam:true};;;;;;;;
572;192;-88;true;,{Var1:192,Var2:-88,spam:true};;;;;;;;
573;95;-45;true;,{Var1:95,Var2:-45,spam:true};;;;;;;;
574;154;241;true;,{Var1:154,Var2:241,spam:true};;;;;;;;
575;197;46;true;,{Var1:197,Var2:46,spam:true};;;;;;;;
576;256;172;true;,{Var1:256,Var2:172,spam:true};;;;;;;;
577;110;-12;true;,{Var1:110,Var2:-12,spam:true};;;;;;;;
578;156;-38;true;,{Var1:156,Var2:-38,spam:true};;;;;;;;
579;165;-137;true;,{Var1:165,Var2:-137,spam:true};;;;;;;;
580;56;59;true;,{Var1:56,Var2:59,spam:true};;;;;;;;
581;96;-5;true;,{Var1:96,Var2:-5,spam:true};;;;;;;;
582;137;51;true;,{Var1:137,Var2:51,spam:true};;;;;;;;
583;122;36;true;,{Var1:122,Var2:36,spam:true};;;;;;;;
584;170;104;true;,{Var1:170,Var2:104,spam:true};;;;;;;;
585;136;-55;true;,{Var1:136,Var2:-55,spam:true};;;;;;;;
586;107;-113;true;,{Var1:107,Var2:-113,spam:true};;;;;;;;
587;202;273;true;,{Var1:202,Var2:273,spam:true};;;;;;;;
588;203;-150;true;,{Var1:203,Var2:-150,spam:true};;;;;;;;
589;30;34;true;,{Var1:30,Var2:34,spam:true};;;;;;;;
590;393;-398;true;,{Var1:393,Var2:-398,spam:true};;;;;;;;
591;123;-60;true;,{Var1:123,Var2:-60,spam:true};;;;;;;;
592;80;96;true;,{Var1:80,Var2:96,spam:true};;;;;;;;
593;150;-101;true;,{Var1:150,Var2:-101,spam:true};;;;;;;;
594;177;87;true;,{Var1:177,Var2:87,spam:true};;;;;;;;
595;56;68;true;,{Var1:56,Var2:68,spam:true};;;;;;;;
596;16;13;true;,{Var1:16,Var2:13,spam:true};;;;;;;;
597;93;172;true;,{Var1:93,Var2:172,spam:true};;;;;;;;
598;146;-81;true;,{Var1:146,Var2:-81,spam:true};;;;;;;;
599;152;164;true;,{Var1:152,Var2:164,spam:true};;;;;;;;
600;35;44;true;,{Var1:35,Var2:44,spam:true};;;;;;;;
601;151;-4;true;,{Var1:151,Var2:-4,spam:true};;;;;;;;
602;107;98;true;,{Var1:107,Var2:98,spam:true};;;;;;;;
603;452;-403;true;,{Var1:452,Var2:-403,spam:true};;;;;;;;
604;82;100;true;,{Var1:82,Var2:100,spam:true};;;;;;;;
605;109;-4;true;,{Var1:109,Var2:-4,spam:true};;;;;;;;
606;106;-115;true;,{Var1:106,Var2:-115,spam:true};;;;;;;;
607;133;202;true;,{Var1:133,Var2:202,spam:true};;;;;;;;
608;192;93;true;,{Var1:192,Var2:93,spam:true};;;;;;;;
609;163;205;true;,{Var1:163,Var2:205,spam:true};;;;;;;;
610;160;251;true;,{Var1:160,Var2:251,spam:true};;;;;;;;
611;269;-206;true;,{Var1:269,Var2:-206,spam:true};;;;;;;;
612;137;96;true;,{Var1:137,Var2:96,spam:true};;;;;;;;
613;87;87;true;,{Var1:87,Var2:87,spam:true};;;;;;;;
614;165;-66;true;,{Var1:165,Var2:-66,spam:true};;;;;;;;
615;65;76;true;,{Var1:65,Var2:76,spam:true};;;;;;;;
616;143;136;true;,{Var1:143,Var2:136,spam:true};;;;;;;;
617;25;26;true;,{Var1:25,Var2:26,spam:true};;;;;;;;
618;175;1;true;,{Var1:175,Var2:1,spam:true};;;;;;;;
619;222;-177;true;,{Var1:222,Var2:-177,spam:true};;;;;;;;
620;37;41;true;,{Var1:37,Var2:41,spam:true};;;;;;;;
621;19;14;true;,{Var1:19,Var2:14,spam:true};;;;;;;;
622;126;134;true;,{Var1:126,Var2:134,spam:true};;;;;;;;
623;194;-140;true;,{Var1:194,Var2:-140,spam:true};;;;;;;;
624;121;146;true;,{Var1:121,Var2:146,spam:true};;;;;;;;
625;104;9;true;,{Var1:104,Var2:9,spam:true};;;;;;;;
626;205;139;true;,{Var1:205,Var2:139,spam:true};;;;;;;;
627;7;1;true;,{Var1:7,Var2:1,spam:true};;;;;;;;
628;172;106;true;,{Var1:172,Var2:106,spam:true};;;;;;;;
629;295;87;true;,{Var1:295,Var2:87,spam:true};;;;;;;;
630;122;41;true;,{Var1:122,Var2:41,spam:true};;;;;;;;
631;84;21;true;,{Var1:84,Var2:21,spam:true};;;;;;;;
632;235;380;true;,{Var1:235,Var2:380,spam:true};;;;;;;;
633;150;131;true;,{Var1:150,Var2:131,spam:true};;;;;;;;
634;175;76;true;,{Var1:175,Var2:76,spam:true};;;;;;;;
635;115;-8;true;,{Var1:115,Var2:-8,spam:true};;;;;;;;
636;119;-45;true;,{Var1:119,Var2:-45,spam:true};;;;;;;;
637;104;82;true;,{Var1:104,Var2:82,spam:true};;;;;;;;
638;135;73;true;,{Var1:135,Var2:73,spam:true};;;;;;;;
639;48;44;true;,{Var1:48,Var2:44,spam:true};;;;;;;;
640;124;175;true;,{Var1:124,Var2:175,spam:true};;;;;;;;
641;112;-119;true;,{Var1:112,Var2:-119,spam:true};;;;;;;;
642;118;73;true;,{Var1:118,Var2:73,spam:true};;;;;;;;
643;154;-160;true;,{Var1:154,Var2:-160,spam:true};;;;;;;;
644;117;93;true;,{Var1:117,Var2:93,spam:true};;;;;;;;
645;80;35;true;,{Var1:80,Var2:35,spam:true};;;;;;;;
646;130;-30;true;,{Var1:130,Var2:-30,spam:true};;;;;;;;
647;170;-83;true;,{Var1:170,Var2:-83,spam:true};;;;;;;;
648;176;115;true;,{Var1:176,Var2:115,spam:true};;;;;;;;
649;88;94;true;,{Var1:88,Var2:94,spam:true};;;;;;;;
650;206;-166;true;,{Var1:206,Var2:-166,spam:true};;;;;;;;
651;235;380;true;,{Var1:235,Var2:380,spam:true};;;;;;;;
652;146;-12;true;,{Var1:146,Var2:-12,spam:true};;;;;;;;
653;79;3;true;,{Var1:79,Var2:3,spam:true};;;;;;;;
654;131;28;true;,{Var1:131,Var2:28,spam:true};;;;;;;;
655;227;47;true;,{Var1:227,Var2:47,spam:true};;;;;;;;
656;141;-11;true;,{Var1:141,Var2:-11,spam:true};;;;;;;;
657;197;183;true;,{Var1:197,Var2:183,spam:true};;;;;;;;
658;39;61;true;,{Var1:39,Var2:61,spam:true};;;;;;;;
659;132;107;true;,{Var1:132,Var2:107,spam:true};;;;;;;;
660;99;28;true;,{Var1:99,Var2:28,spam:true};;;;;;;;
661;79;38;true;,{Var1:79,Var2:38,spam:true};;;;;;;;
662;133;85;true;,{Var1:133,Var2:85,spam:true};;;;;;;;
663;117;86;true;,{Var1:117,Var2:86,spam:true};;;;;;;;
664;227;38;true;,{Var1:227,Var2:38,spam:true};;;;;;;;
665;63;72;true;,{Var1:63,Var2:72,spam:true};;;;;;;;
666;298;317;true;,{Var1:298,Var2:317,spam:true};;;;;;;;
667;118;114;true;,{Var1:118,Var2:114,spam:true};;;;;;;;
668;263;190;true;,{Var1:263,Var2:190,spam:true};;;;;;;;
669;87;100;true;,{Var1:87,Var2:100,spam:true};;;;;;;;
670;215;-118;true;,{Var1:215,Var2:-118,spam:true};;;;;;;;
671;71;55;true;,{Var1:71,Var2:55,spam:true};;;;;;;;
672;129;20;true;,{Var1:129,Var2:20,spam:true};;;;;;;;
673;457;-385;true;,{Var1:457,Var2:-385,spam:true};;;;;;;;
674;120;-20;true;,{Var1:120,Var2:-20,spam:true};;;;;;;;
675;111;1;true;,{Var1:111,Var2:1,spam:true};;;;;;;;
676;372;-365;true;,{Var1:372,Var2:-365,spam:true};;;;;;;;
677;57;49;true;,{Var1:57,Var2:49,spam:true};;;;;;;;
678;115;-43;true;,{Var1:115,Var2:-43,spam:true};;;;;;;;
679;98;70;true;,{Var1:98,Var2:70,spam:true};;;;;;;;
680;111;11;true;,{Var1:111,Var2:11,spam:true};;;;;;;;
681;79;87;true;,{Var1:79,Var2:87,spam:true};;;;;;;;
682;96;78;true;,{Var1:96,Var2:78,spam:true};;;;;;;;
683;140;-67;true;,{Var1:140,Var2:-67,spam:true};;;;;;;;
684;109;19;true;,{Var1:109,Var2:19,spam:true};;;;;;;;
685;114;-4;true;,{Var1:114,Var2:-4,spam:true};;;;;;;;
686;262;439;true;,{Var1:262,Var2:439,spam:true};;;;;;;;
687;224;188;true;,{Var1:224,Var2:188,spam:true};;;;;;;;
688;327;-260;true;,{Var1:327,Var2:-260,spam:true};;;;;;;;
689;91;25;true;,{Var1:91,Var2:25,spam:true};;;;;;;;
690;372;-365;true;,{Var1:372,Var2:-365,spam:true};;;;;;;;
691;16;0;true;,{Var1:16,Var2:0,spam:true};;;;;;;;
692;183;59;true;,{Var1:183,Var2:59,spam:true};;;;;;;;
693;70;63;true;,{Var1:70,Var2:63,spam:true};;;;;;;;
694;232;-166;true;,{Var1:232,Var2:-166,spam:true};;;;;;;;
695;195;-130;true;,{Var1:195,Var2:-130,spam:true};;;;;;;;
696;150;-50;true;,{Var1:150,Var2:-50,spam:true};;;;;;;;
697;135;-28;true;,{Var1:135,Var2:-28,spam:true};;;;;;;;
698;31;36;true;,{Var1:31,Var2:36,spam:true};;;;;;;;
699;96;103;true;,{Var1:96,Var2:103,spam:true};;;;;;;;
700;24;15;true;,{Var1:24,Var2:15,spam:true};;;;;;;;
701;134;-5;true;,{Var1:134,Var2:-5,spam:true};;;;;;;;
702;97;138;true;,{Var1:97,Var2:138,spam:true};;;;;;;;
703;228;175;true;,{Var1:228,Var2:175,spam:true};;;;;;;;
704;152;-7;true;,{Var1:152,Var2:-7,spam:true};;;;;;;;
705;126;56;true;,{Var1:126,Var2:56,spam:true};;;;;;;;
706;49;-47;true;,{Var1:49,Var2:-47,spam:true};;;;;;;;
707;215;-71;true;,{Var1:215,Var2:-71,spam:true};;;;;;;;
708;275;203;true;,{Var1:275,Var2:203,spam:true};;;;;;;;
709;13;8;true;,{Var1:13,Var2:8,spam:true};;;;;;;;
710;170;-127;true;,{Var1:170,Var2:-127,spam:true};;;;;;;;
711;98;-106;true;,{Var1:98,Var2:-106,spam:true};;;;;;;;
712;394;-344;true;,{Var1:394,Var2:-344,spam:true};;;;;;;;
713;169;-29;true;,{Var1:169,Var2:-29,spam:true};;;;;;;;
714;90;77;true;,{Var1:90,Var2:77,spam:true};;;;;;;;
715;281;47;true;,{Var1:281,Var2:47,spam:true};;;;;;;;
716;196;-132;true;,{Var1:196,Var2:-132,spam:true};;;;;;;;
717;289;47;true;,{Var1:289,Var2:47,spam:true};;;;;;;;
718;240;159;true;,{Var1:240,Var2:159,spam:true};;;;;;;;
719;263;190;true;,{Var1:263,Var2:190,spam:true};;;;;;;;
720;184;99;true;,{Var1:184,Var2:99,spam:true};;;;;;;;
721;134;56;true;,{Var1:134,Var2:56,spam:true};;;;;;;;
722;79;128;true;,{Var1:79,Var2:128,spam:true};;;;;;;;
723;62;75;true;,{Var1:62,Var2:75,spam:true};;;;;;;;
724;43;-16;true;,{Var1:43,Var2:-16,spam:true};;;;;;;;
725;33;41;true;,{Var1:33,Var2:41,spam:true};;;;;;;;
726;298;83;true;,{Var1:298,Var2:83,spam:true};;;;;;;;
727;277;-64;true;,{Var1:277,Var2:-64,spam:true};;;;;;;;
728;274;427;true;,{Var1:274,Var2:427,spam:true};;;;;;;;
729;250;9;true;,{Var1:250,Var2:9,spam:true};;;;;;;;
730;171;52;true;,{Var1:171,Var2:52,spam:true};;;;;;;;
731;203;54;true;,{Var1:203,Var2:54,spam:true};;;;;;;;
732;197;109;true;,{Var1:197,Var2:109,spam:true};;;;;;;;
733;74;57;true;,{Var1:74,Var2:57,spam:true};;;;;;;;
734;114;-56;true;,{Var1:114,Var2:-56,spam:true};;;;;;;;
735;181;29;true;,{Var1:181,Var2:29,spam:true};;;;;;;;
736;207;-105;true;,{Var1:207,Var2:-105,spam:true};;;;;;;;
737;121;-35;true;,{Var1:121,Var2:-35,spam:true};;;;;;;;
738;67;-34;true;,{Var1:67,Var2:-34,spam:true};;;;;;;;
739;4;3;true;,{Var1:4,Var2:3,spam:true};;;;;;;;
740;168;43;true;,{Var1:168,Var2:43,spam:true};;;;;;;;
741;42;10;false;,{Var1:42,Var2:10,spam:false};;;;;;;;
742;11;8;false;,{Var1:11,Var2:8,spam:false};;;;;;;;
743;18;19;false;,{Var1:18,Var2:19,spam:false};;;;;;;;
744;5;6;false;,{Var1:5,Var2:6,spam:false};;;;;;;;
745;6;7;false;,{Var1:6,Var2:7,spam:false};;;;;;;;
746;65;90;false;,{Var1:65,Var2:90,spam:false};;;;;;;;
747;21;1;false;,{Var1:21,Var2:1,spam:false};;;;;;;;
748;13;10;false;,{Var1:13,Var2:10,spam:false};;;;;;;;
749;19;23;false;,{Var1:19,Var2:23,spam:false};;;;;;;;
750;9;7;false;,{Var1:9,Var2:7,spam:false};;;;;;;;
751;30;35;false;,{Var1:30,Var2:35,spam:false};;;;;;;;
752;0;1;false;,{Var1:0,Var2:1,spam:false};;;;;;;;
753;29;50;false;,{Var1:29,Var2:50,spam:false};;;;;;;;
754;11;14;false;,{Var1:11,Var2:14,spam:false};;;;;;;;
755;7;5;false;,{Var1:7,Var2:5,spam:false};;;;;;;;
756;11;13;false;,{Var1:11,Var2:13,spam:false};;;;;;;;
757;4;5;false;,{Var1:4,Var2:5,spam:false};;;;;;;;
758;22;18;false;,{Var1:22,Var2:18,spam:false};;;;;;;;
759;9;13;false;,{Var1:9,Var2:13,spam:false};;;;;;;;
760;15;15;false;,{Var1:15,Var2:15,spam:false};;;;;;;;
761;7;8;false;,{Var1:7,Var2:8,spam:false};;;;;;;;
762;37;-3;false;,{Var1:37,Var2:-3,spam:false};;;;;;;;
763;7;6;false;,{Var1:7,Var2:6,spam:false};;;;;;;;
764;32;36;false;,{Var1:32,Var2:36,spam:false};;;;;;;;
765;10;11;false;,{Var1:10,Var2:11,spam:false};;;;;;;;
766;5;4;false;,{Var1:5,Var2:4,spam:false};;;;;;;;
767;3;5;false;,{Var1:3,Var2:5,spam:false};;;;;;;;
768;9;7;false;,{Var1:9,Var2:7,spam:false};;;;;;;;
769;17;11;false;,{Var1:17,Var2:11,spam:false};;;;;;;;
770;11;11;false;,{Var1:11,Var2:11,spam:false};;;;;;;;
771;41;21;false;,{Var1:41,Var2:21,spam:false};;;;;;;;
772;16;16;false;,{Var1:16,Var2:16,spam:false};;;;;;;;
773;19;47;false;,{Var1:19,Var2:47,spam:false};;;;;;;;
774;0;0;false;,{Var1:0,Var2:0,spam:false};;;;;;;;
775;19;33;false;,{Var1:19,Var2:33,spam:false};;;;;;;;
776;45;22;false;,{Var1:45,Var2:22,spam:false};;;;;;;;
777;20;12;false;,{Var1:20,Var2:12,spam:false};;;;;;;;
778;8;12;false;,{Var1:8,Var2:12,spam:false};;;;;;;;
779;4;7;false;,{Var1:4,Var2:7,spam:false};;;;;;;;
780;29;1;false;,{Var1:29,Var2:1,spam:false};;;;;;;;
781;26;21;false;,{Var1:26,Var2:21,spam:false};;;;;;;;
782;24;42;false;,{Var1:24,Var2:42,spam:false};;;;;;;;
783;9;9;false;,{Var1:9,Var2:9,spam:false};;;;;;;;
784;2;2;false;,{Var1:2,Var2:2,spam:false};;;;;;;;
785;26;32;false;,{Var1:26,Var2:32,spam:false};;;;;;;;
786;25;21;false;,{Var1:25,Var2:21,spam:false};;;;;;;;
787;23;42;false;,{Var1:23,Var2:42,spam:false};;;;;;;;
788;8;8;false;,{Var1:8,Var2:8,spam:false};;;;;;;;
789;9;7;false;,{Var1:9,Var2:7,spam:false};;;;;;;;
790;23;24;false;,{Var1:23,Var2:24,spam:false};;;;;;;;
791;18;6;false;,{Var1:18,Var2:6,spam:false};;;;;;;;
792;11;16;false;,{Var1:11,Var2:16,spam:false};;;;;;;;
793;17;27;false;,{Var1:17,Var2:27,spam:false};;;;;;;;
794;31;16;false;,{Var1:31,Var2:16,spam:false};;;;;;;;
795;191;-84;false;,{Var1:191,Var2:-84,spam:false};;;;;;;;
796;152;-69;false;,{Var1:152,Var2:-69,spam:false};;;;;;;;
797;16;40;false;,{Var1:16,Var2:40,spam:false};;;;;;;;
798;11;11;false;,{Var1:11,Var2:11,spam:false};;;;;;;;
799;12;12;false;,{Var1:12,Var2:12,spam:false};;;;;;;;
800;7;2;false;,{Var1:7,Var2:2,spam:false};;;;;;;;
801;11;19;false;,{Var1:11,Var2:19,spam:false};;;;;;;;
802;31;2;false;,{Var1:31,Var2:2,spam:false};;;;;;;;
803;17;19;false;,{Var1:17,Var2:19,spam:false};;;;;;;;
804;6;13;false;,{Var1:6,Var2:13,spam:false};;;;;;;;
805;45;52;false;,{Var1:45,Var2:52,spam:false};;;;;;;;
806;17;19;false;,{Var1:17,Var2:19,spam:false};;;;;;;;
807;17;20;false;,{Var1:17,Var2:20,spam:false};;;;;;;;
808;16;15;false;,{Var1:16,Var2:15,spam:false};;;;;;;;
809;9;8;false;,{Var1:9,Var2:8,spam:false};;;;;;;;
810;3;3;false;,{Var1:3,Var2:3,spam:false};;;;;;;;
811;22;24;false;,{Var1:22,Var2:24,spam:false};;;;;;;;
812;0;0;false;,{Var1:0,Var2:0,spam:false};;;;;;;;
813;370;-139;false;,{Var1:370,Var2:-139,spam:false};;;;;;;;
814;165;67;false;,{Var1:165,Var2:67,spam:false};;;;;;;;
815;4;5;false;,{Var1:4,Var2:5,spam:false};;;;;;;;
816;10;11;false;,{Var1:10,Var2:11,spam:false};;;;;;;;
817;9;15;false;,{Var1:9,Var2:15,spam:false};;;;;;;;
818;19;6;false;,{Var1:19,Var2:6,spam:false};;;;;;;;
819;191;-84;false;,{Var1:191,Var2:-84,spam:false};;;;;;;;
820;146;-53;false;,{Var1:146,Var2:-53,spam:false};;;;;;;;
821;35;33;false;,{Var1:35,Var2:33,spam:false};;;;;;;;
822;13;6;false;,{Var1:13,Var2:6,spam:false};;;;;;;;
823;50;54;false;,{Var1:50,Var2:54,spam:false};;;;;;;;
824;136;-13;false;,{Var1:136,Var2:-13,spam:false};;;;;;;;
825;43;8;false;,{Var1:43,Var2:8,spam:false};;;;;;;;
826;58;25;false;,{Var1:58,Var2:25,spam:false};;;;;;;;
827;19;12;false;,{Var1:19,Var2:12,spam:false};;;;;;;;
828;79;103;false;,{Var1:79,Var2:103,spam:false};;;;;;;;
829;9;5;false;,{Var1:9,Var2:5,spam:false};;;;;;;;
830;50;12;false;,{Var1:50,Var2:12,spam:false};;;;;;;;
831;11;7;false;,{Var1:11,Var2:7,spam:false};;;;;;;;
832;59;-14;false;,{Var1:59,Var2:-14,spam:false};;;;;;;;
833;45;-8;false;,{Var1:45,Var2:-8,spam:false};;;;;;;;
834;13;6;false;,{Var1:13,Var2:6,spam:false};;;;;;;;
835;5;5;false;,{Var1:5,Var2:5,spam:false};;;;;;;;
836;9;14;false;,{Var1:9,Var2:14,spam:false};;;;;;;;
837;44;54;false;,{Var1:44,Var2:54,spam:false};;;;;;;;
838;8;8;false;,{Var1:8,Var2:8,spam:false};;;;;;;;
839;65;30;false;,{Var1:65,Var2:30,spam:false};;;;;;;;
840;45;46;false;,{Var1:45,Var2:46,spam:false};;;;;;;;
841;15;4;false;,{Var1:15,Var2:4,spam:false};;;;;;;;
842;13;10;false;,{Var1:13,Var2:10,spam:false};;;;;;;;
843;11;7;false;,{Var1:11,Var2:7,spam:false};;;;;;;;
844;12;9;false;,{Var1:12,Var2:9,spam:false};;;;;;;;
845;15;3;false;,{Var1:15,Var2:3,spam:false};;;;;;;;
846;78;26;false;,{Var1:78,Var2:26,spam:false};;;;;;;;
847;7;0;false;,{Var1:7,Var2:0,spam:false};;;;;;;;
848;20;17;false;,{Var1:20,Var2:17,spam:false};;;;;;;;
849;14;9;false;,{Var1:14,Var2:9,spam:false};;;;;;;;
850;0;0;false;,{Var1:0,Var2:0,spam:false};;;;;;;;
851;33;36;false;,{Var1:33,Var2:36,spam:false};;;;;;;;
852;33;33;false;,{Var1:33,Var2:33,spam:false};;;;;;;;
853;33;51;false;,{Var1:33,Var2:51,spam:false};;;;;;;;
854;25;25;false;,{Var1:25,Var2:25,spam:false};;;;;;;;
855;16;11;false;,{Var1:16,Var2:11,spam:false};;;;;;;;
856;59;70;false;,{Var1:59,Var2:70,spam:false};;;;;;;;
857;17;3;false;,{Var1:17,Var2:3,spam:false};;;;;;;;
858;8;6;false;,{Var1:8,Var2:6,spam:false};;;;;;;;
859;16;10;false;,{Var1:16,Var2:10,spam:false};;;;;;;;
860;49;-53;false;,{Var1:49,Var2:-53,spam:false};;;;;;;;
861;26;28;false;,{Var1:26,Var2:28,spam:false};;;;;;;;
862;0;0;false;,{Var1:0,Var2:0,spam:false};;;;;;;;
863;55;-10;false;,{Var1:55,Var2:-10,spam:false};;;;;;;;
864;16;4;false;,{Var1:16,Var2:4,spam:false};;;;;;;;
865;17;5;false;,{Var1:17,Var2:5,spam:false};;;;;;;;
866;41;45;false;,{Var1:41,Var2:45,spam:false};;;;;;;;
867;1;1;false;,{Var1:1,Var2:1,spam:false};;;;;;;;
868;73;-5;false;,{Var1:73,Var2:-5,spam:false};;;;;;;;
869;23;0;false;,{Var1:23,Var2:0,spam:false};;;;;;;;
870;9;10;false;,{Var1:9,Var2:10,spam:false};;;;;;;;
871;85;-21;false;,{Var1:85,Var2:-21,spam:false};;;;;;;;
872;15;14;false;,{Var1:15,Var2:14,spam:false};;;;;;;;
873;50;-9;false;,{Var1:50,Var2:-9,spam:false};;;;;;;;
874;4;3;false;,{Var1:4,Var2:3,spam:false};;;;;;;;
875;45;-4;false;,{Var1:45,Var2:-4,spam:false};;;;;;;;
876;170;-49;false;,{Var1:170,Var2:-49,spam:false};;;;;;;;
877;2;1;false;,{Var1:2,Var2:1,spam:false};;;;;;;;
878;15;3;false;,{Var1:15,Var2:3,spam:false};;;;;;;;
879;9;10;false;,{Var1:9,Var2:10,spam:false};;;;;;;;
880;71;92;false;,{Var1:71,Var2:92,spam:false};;;;;;;;
881;19;-3;false;,{Var1:19,Var2:-3,spam:false};;;;;;;;
882;17;28;false;,{Var1:17,Var2:28,spam:false};;;;;;;;
883;37;23;false;,{Var1:37,Var2:23,spam:false};;;;;;;;
884;25;28;false;,{Var1:25,Var2:28,spam:false};;;;;;;;
885;14;9;false;,{Var1:14,Var2:9,spam:false};;;;;;;;
886;22;39;false;,{Var1:22,Var2:39,spam:false};;;;;;;;
887;58;-10;false;,{Var1:58,Var2:-10,spam:false};;;;;;;;
888;54;-39;false;,{Var1:54,Var2:-39,spam:false};;;;;;;;
889;6;5;false;,{Var1:6,Var2:5,spam:false};;;;;;;;
890;0;0;false;,{Var1:0,Var2:0,spam:false};;;;;;;;
891;16;20;false;,{Var1:16,Var2:20,spam:false};;;;;;;;
892;103;122;false;,{Var1:103,Var2:122,spam:false};;;;;;;;
893;13;10;false;,{Var1:13,Var2:10,spam:false};;;;;;;;
894;37;7;false;,{Var1:37,Var2:7,spam:false};;;;;;;;
895;4;4;false;,{Var1:4,Var2:4,spam:false};;;;;;;;
896;3;4;false;,{Var1:3,Var2:4,spam:false};;;;;;;;
897;41;47;false;,{Var1:41,Var2:47,spam:false};;;;;;;;
898;2;3;false;,{Var1:2,Var2:3,spam:false};;;;;;;;
899;1;1;false;,{Var1:1,Var2:1,spam:false};;;;;;;;
900;22;28;false;,{Var1:22,Var2:28,spam:false};;;;;;;;
901;75;32;false;,{Var1:75,Var2:32,spam:false};;;;;;;;
902;20;17;false;,{Var1:20,Var2:17,spam:false};;;;;;;;
903;55;75;false;,{Var1:55,Var2:75,spam:false};;;;;;;;
904;18;14;false;,{Var1:18,Var2:14,spam:false};;;;;;;;
905;47;30;false;,{Var1:47,Var2:30,spam:false};;;;;;;;
906;24;21;false;,{Var1:24,Var2:21,spam:false};;;;;;;;
907;17;24;false;,{Var1:17,Var2:24,spam:false};;;;;;;;
908;15;14;false;,{Var1:15,Var2:14,spam:false};;;;;;;;
909;12;14;false;,{Var1:12,Var2:14,spam:false};;;;;;;;
910;12;2;false;,{Var1:12,Var2:2,spam:false};;;;;;;;
911;95;49;false;,{Var1:95,Var2:49,spam:false};;;;;;;;
912;51;-18;false;,{Var1:51,Var2:-18,spam:false};;;;;;;;
913;12;7;false;,{Var1:12,Var2:7,spam:false};;;;;;;;
914;18;15;false;,{Var1:18,Var2:15,spam:false};;;;;;;;
915;101;-7;false;,{Var1:101,Var2:-7,spam:false};;;;;;;;
916;15;1;false;,{Var1:15,Var2:1,spam:false};;;;;;;;
917;16;21;false;,{Var1:16,Var2:21,spam:false};;;;;;;;
918;90;107;false;,{Var1:90,Var2:107,spam:false};;;;;;;;
919;89;112;false;,{Var1:89,Var2:112,spam:false};;;;;;;;
920;27;26;false;,{Var1:27,Var2:26,spam:false};;;;;;;;
921;2;3;false;,{Var1:2,Var2:3,spam:false};;;;;;;;
922;10;7;false;,{Var1:10,Var2:7,spam:false};;;;;;;;
923;9;5;false;,{Var1:9,Var2:5,spam:false};;;;;;;;
924;21;11;false;,{Var1:21,Var2:11,spam:false};;;;;;;;
925;19;15;false;,{Var1:19,Var2:15,spam:false};;;;;;;;
926;12;-8;false;,{Var1:12,Var2:-8,spam:false};;;;;;;;
927;55;-19;false;,{Var1:55,Var2:-19,spam:false};;;;;;;;
928;45;51;false;,{Var1:45,Var2:51,spam:false};;;;;;;;
929;26;36;false;,{Var1:26,Var2:36,spam:false};;;;;;;;
930;39;63;false;,{Var1:39,Var2:63,spam:false};;;;;;;;
931;57;34;false;,{Var1:57,Var2:34,spam:false};;;;;;;;
932;10;9;false;,{Var1:10,Var2:9,spam:false};;;;;;;;
933;38;39;false;,{Var1:38,Var2:39,spam:false};;;;;;;;
934;35;41;false;,{Var1:35,Var2:41,spam:false};;;;;;;;
935;16;12;false;,{Var1:16,Var2:12,spam:false};;;;;;;;
936;7;7;false;,{Var1:7,Var2:7,spam:false};;;;;;;;
937;7;6;false;,{Var1:7,Var2:6,spam:false};;;;;;;;
938;53;60;false;,{Var1:53,Var2:60,spam:false};;;;;;;;
939;6;12;false;,{Var1:6,Var2:12,spam:false};;;;;;;;
940;17;33;false;,{Var1:17,Var2:33,spam:false};;;;;;;;
941;31;38;false;,{Var1:31,Var2:38,spam:false};;;;;;;;
942;11;2;false;,{Var1:11,Var2:2,spam:false};;;;;;;;
943;1;1;false;,{Var1:1,Var2:1,spam:false};;;;;;;;
944;107;-22;false;,{Var1:107,Var2:-22,spam:false};;;;;;;;
945;8;8;false;,{Var1:8,Var2:8,spam:false};;;;;;;;
946;16;11;false;,{Var1:16,Var2:11,spam:false};;;;;;;;
947;3;4;false;,{Var1:3,Var2:4,spam:false};;;;;;;;
948;53;8;false;,{Var1:53,Var2:8,spam:false};;;;;;;;
949;29;49;false;,{Var1:29,Var2:49,spam:false};;;;;;;;
950;13;12;false;,{Var1:13,Var2:12,spam:false};;;;;;;;
951;24;21;false;,{Var1:24,Var2:21,spam:false};;;;;;;;
952;16;6;false;,{Var1:16,Var2:6,spam:false};;;;;;;;
953;2;3;false;,{Var1:2,Var2:3,spam:false};;;;;;;;
954;18;17;false;,{Var1:18,Var2:17,spam:false};;;;;;;;
955;29;-21;false;,{Var1:29,Var2:-21,spam:false};;;;;;;;
956;5;4;false;,{Var1:5,Var2:4,spam:false};;;;;;;;
957;43;-15;false;,{Var1:43,Var2:-15,spam:false};;;;;;;;
958;9;15;false;,{Var1:9,Var2:15,spam:false};;;;;;;;
959;26;23;false;,{Var1:26,Var2:23,spam:false};;;;;;;;
960;82;76;false;,{Var1:82,Var2:76,spam:false};;;;;;;;
961;11;5;false;,{Var1:11,Var2:5,spam:false};;;;;;;;
962;191;-84;false;,{Var1:191,Var2:-84,spam:false};;;;;;;;
963;25;-3;false;,{Var1:25,Var2:-3,spam:false};;;;;;;;
964;0;0;false;,{Var1:0,Var2:0,spam:false};;;;;;;;
965;84;-12;false;,{Var1:84,Var2:-12,spam:false};;;;;;;;
966;4;2;false;,{Var1:4,Var2:2,spam:false};;;;;;;;
967;17;1;false;,{Var1:17,Var2:1,spam:false};;;;;;;;
968;3;3;false;,{Var1:3,Var2:3,spam:false};;;;;;;;
969;77;-22;false;,{Var1:77,Var2:-22,spam:false};;;;;;;;
970;24;42;false;,{Var1:24,Var2:42,spam:false};;;;;;;;
971;22;7;false;,{Var1:22,Var2:7,spam:false};;;;;;;;
972;24;-10;false;,{Var1:24,Var2:-10,spam:false};;;;;;;;
973;29;25;false;,{Var1:29,Var2:25,spam:false};;;;;;;;
974;6;6;false;,{Var1:6,Var2:6,spam:false};;;;;;;;
975;8;16;false;,{Var1:8,Var2:16,spam:false};;;;;;;;
976;30;30;false;,{Var1:30,Var2:30,spam:false};;;;;;;;
977;10;-11;false;,{Var1:10,Var2:-11,spam:false};;;;;;;;
978;45;53;false;,{Var1:45,Var2:53,spam:false};;;;;;;;
979;9;12;false;,{Var1:9,Var2:12,spam:false};;;;;;;;
980;13;-3;false;,{Var1:13,Var2:-3,spam:false};;;;;;;;
981;4;2;false;,{Var1:4,Var2:2,spam:false};;;;;;;;
982;2;3;false;,{Var1:2,Var2:3,spam:false};;;;;;;;
983;13;12;false;,{Var1:13,Var2:12,spam:false};;;;;;;;
984;1;1;false;,{Var1:1,Var2:1,spam:false};;;;;;;;
985;9;11;false;,{Var1:9,Var2:11,spam:false};;;;;;;;
986;138;-32;false;,{Var1:138,Var2:-32,spam:false};;;;;;;;
987;17;-18;false;,{Var1:17,Var2:-18,spam:false};;;;;;;;
988;27;17;false;,{Var1:27,Var2:17,spam:false};;;;;;;;
989;5;5;false;,{Var1:5,Var2:5,spam:false};;;;;;;;
990;1;0;false;,{Var1:1,Var2:0,spam:false};;;;;;;;
991;29;34;false;,{Var1:29,Var2:34,spam:false};;;;;;;;
992;2;3;false;,{Var1:2,Var2:3,spam:false};;;;;;;;
993;30;49;false;,{Var1:30,Var2:49,spam:false};;;;;;;;
994;29;22;false;,{Var1:29,Var2:22,spam:false};;;;;;;;
995;30;36;false;,{Var1:30,Var2:36,spam:false};;;;;;;;
996;4;6;false;,{Var1:4,Var2:6,spam:false};;;;;;;;
997;10;14;false;,{Var1:10,Var2:14,spam:false};;;;;;;;
998;5;4;false;,{Var1:5,Var2:4,spam:false};;;;;;;;
999;20;15;false;,{Var1:20,Var2:15,spam:false};;;;;;;;
1000;3;6;false;,{Var1:3,Var2:6,spam:false};;;;;;;;
1001;14;8;false;,{Var1:14,Var2:8,spam:false};;;;;;;;
1002;37;40;false;,{Var1:37,Var2:40,spam:false};;;;;;;;
1003;75;58;false;,{Var1:75,Var2:58,spam:false};;;;;;;;
1004;14;12;false;,{Var1:14,Var2:12,spam:false};;;;;;;;
1005;4;0;false;,{Var1:4,Var2:0,spam:false};;;;;;;;
1006;55;9;false;,{Var1:55,Var2:9,spam:false};;;;;;;;
1007;32;38;false;,{Var1:32,Var2:38,spam:false};;;;;;;;
1008;2;2;false;,{Var1:2,Var2:2,spam:false};;;;;;;;
1009;63;24;false;,{Var1:63,Var2:24,spam:false};;;;;;;;
1010;4;5;false;,{Var1:4,Var2:5,spam:false};;;;;;;;
1011;21;18;false;,{Var1:21,Var2:18,spam:false};;;;;;;;
1012;2;1;false;,{Var1:2,Var2:1,spam:false};;;;;;;;
1013;18;18;false;,{Var1:18,Var2:18,spam:false};;;;;;;;
1014;2;0;false;,{Var1:2,Var2:0,spam:false};;;;;;;;
1015;1;1;false;,{Var1:1,Var2:1,spam:false};;;;;;;;
1016;8;21;false;,{Var1:8,Var2:21,spam:false};;;;;;;;
1017;8;13;false;,{Var1:8,Var2:13,spam:false};;;;;;;;
1018;14;18;false;,{Var1:14,Var2:18,spam:false};;;;;;;;
1019;5;2;false;,{Var1:5,Var2:2,spam:false};;;;;;;;
1020;8;6;false;,{Var1:8,Var2:6,spam:false};;;;;;;;
1021;25;15;false;,{Var1:25,Var2:15,spam:false};;;;;;;;
1022;23;8;false;,{Var1:23,Var2:8,spam:false};;;;;;;;
1023;0;1;false;,{Var1:0,Var2:1,spam:false};;;;;;;;
1024;41;30;false;,{Var1:41,Var2:30,spam:false};;;;;;;;
1025;9;10;false;,{Var1:9,Var2:10,spam:false};;;;;;;;
1026;30;22;false;,{Var1:30,Var2:22,spam:false};;;;;;;;
1027;60;11;false;,{Var1:60,Var2:11,spam:false};;;;;;;;
1028;48;9;false;,{Var1:48,Var2:9,spam:false};;;;;;;;
1029;33;24;false;,{Var1:33,Var2:24,spam:false};;;;;;;;
1030;13;11;false;,{Var1:13,Var2:11,spam:false};;;;;;;;
1031;4;3;false;,{Var1:4,Var2:3,spam:false};;;;;;;;
1032;8;8;false;,{Var1:8,Var2:8,spam:false};;;;;;;;
1033;2;2;false;,{Var1:2,Var2:2,spam:false};;;;;;;;
1034;44;-2;false;,{Var1:44,Var2:-2,spam:false};;;;;;;;
1035;30;47;false;,{Var1:30,Var2:47,spam:false};;;;;;;;
1036;13;13;false;,{Var1:13,Var2:13,spam:false};;;;;;;;
1037;19;18;false;,{Var1:19,Var2:18,spam:false};;;;;;;;
1038;70;65;false;,{Var1:70,Var2:65,spam:false};;;;;;;;
1039;41;48;false;,{Var1:41,Var2:48,spam:false};;;;;;;;
1040;34;-1;false;,{Var1:34,Var2:-1,spam:false};;;;;;;;
1041;13;13;false;,{Var1:13,Var2:13,spam:false};;;;;;;;
1042;29;40;false;,{Var1:29,Var2:40,spam:false};;;;;;;;
1043;0;0;false;,{Var1:0,Var2:0,spam:false};;;;;;;;
1044;28;31;false;,{Var1:28,Var2:31,spam:false};;;;;;;;
1045;10;9;false;,{Var1:10,Var2:9,spam:false};;;;;;;;
1046;8;6;false;,{Var1:8,Var2:6,spam:false};;;;;;;;
1047;14;14;false;,{Var1:14,Var2:14,spam:false};;;;;;;;
1048;12;14;false;,{Var1:12,Var2:14,spam:false};;;;;;;;
1049;0;0;false;,{Var1:0,Var2:0,spam:false};;;;;;;;
1050;9;8;false;,{Var1:9,Var2:8,spam:false};;;;;;;;
1051;32;28;false;,{Var1:32,Var2:28,spam:false};;;;;;;;
1052;92;26;false;,{Var1:92,Var2:26,spam:false};;;;;;;;
1053;50;50;false;,{Var1:50,Var2:50,spam:false};;;;;;;;
1054;25;28;false;,{Var1:25,Var2:28,spam:false};;;;;;;;
1055;2;2;false;,{Var1:2,Var2:2,spam:false};;;;;;;;
1056;11;10;false;,{Var1:11,Var2:10,spam:false};;;;;;;;
1057;7;14;false;,{Var1:7,Var2:14,spam:false};;;;;;;;
1058;7;5;false;,{Var1:7,Var2:5,spam:false};;;;;;;;
1059;6;1;false;,{Var1:6,Var2:1,spam:false};;;;;;;;
1060;9;12;false;,{Var1:9,Var2:12,spam:false};;;;;;;;
1061;22;26;false;,{Var1:22,Var2:26,spam:false};;;;;;;;
1062;12;17;false;,{Var1:12,Var2:17,spam:false};;;;;;;;
1063;54;66;false;,{Var1:54,Var2:66,spam:false};;;;;;;;
1064;2;3;false;,{Var1:2,Var2:3,spam:false};;;;;;;;
1065;25;21;false;,{Var1:25,Var2:21,spam:false};;;;;;;;
1066;37;-23;false;,{Var1:37,Var2:-23,spam:false};;;;;;;;
1067;20;12;false;,{Var1:20,Var2:12,spam:false};;;;;;;;
1068;48;61;false;,{Var1:48,Var2:61,spam:false};;;;;;;;
1069;33;43;false;,{Var1:33,Var2:43,spam:false};;;;;;;;
1070;12;3;false;,{Var1:12,Var2:3,spam:false};;;;;;;;
1071;35;36;false;,{Var1:35,Var2:36,spam:false};;;;;;;;
1072;26;25;false;,{Var1:26,Var2:25,spam:false};;;;;;;;
1073;77;2;false;,{Var1:77,Var2:2,spam:false};;;;;;;;
1074;18;21;false;,{Var1:18,Var2:21,spam:false};;;;;;;;
1075;14;7;false;,{Var1:14,Var2:7,spam:false};;;;;;;;
1076;9;9;false;,{Var1:9,Var2:9,spam:false};;;;;;;;
1077;1;1;false;,{Var1:1,Var2:1,spam:false};;;;;;;;
1078;191;-84;false;,{Var1:191,Var2:-84,spam:false};;;;;;;;
1079;107;3;false;,{Var1:107,Var2:3,spam:false};;;;;;;;
1080;25;20;false;,{Var1:25,Var2:20,spam:false};;;;;;;;
1081;25;31;false;,{Var1:25,Var2:31,spam:false};;;;;;;;
1082;0;0;false;,{Var1:0,Var2:0,spam:false};;;;;;;;
1083;11;13;false;,{Var1:11,Var2:13,spam:false};;;;;;;;
1084;5;-2;false;,{Var1:5,Var2:-2,spam:false};;;;;;;;
1085;13;1;false;,{Var1:13,Var2:1,spam:false};;;;;;;;
1086;24;23;false;,{Var1:24,Var2:23,spam:false};;;;;;;;
1087;4;5;false;,{Var1:4,Var2:5,spam:false};;;;;;;;
1088;60;15;false;,{Var1:60,Var2:15,spam:false};;;;;;;;
1089;17;17;false;,{Var1:17,Var2:17,spam:false};;;;;;;;
1090;10;9;false;,{Var1:10,Var2:9,spam:false};;;;;;;;
1091;17;17;false;,{Var1:17,Var2:17,spam:false};;;;;;;;
1092;41;25;false;,{Var1:41,Var2:25,spam:false};;;;;;;;
1093;18;-7;false;,{Var1:18,Var2:-7,spam:false};;;;;;;;
1094;11;25;false;,{Var1:11,Var2:25,spam:false};;;;;;;;
1095;9;7;false;,{Var1:9,Var2:7,spam:false};;;;;;;;
1096;1;2;false;,{Var1:1,Var2:2,spam:false};;;;;;;;
1097;8;7;false;,{Var1:8,Var2:7,spam:false};;;;;;;;
1098;18;23;false;,{Var1:18,Var2:23,spam:false};;;;;;;;
1099;17;21;false;,{Var1:17,Var2:21,spam:false};;;;;;;;
1100;5;6;false;,{Var1:5,Var2:6,spam:false};;;;;;;;
1101;19;18;false;,{Var1:19,Var2:18,spam:false};;;;;;;;
1102;5;5;false;,{Var1:5,Var2:5,spam:false};;;;;;;;
1103;52;-4;false;,{Var1:52,Var2:-4,spam:false};;;;;;;;
1104;17;15;false;,{Var1:17,Var2:15,spam:false};;;;;;;;
1105;31;30;false;,{Var1:31,Var2:30,spam:false};;;;;;;;
1106;1;1;false;,{Var1:1,Var2:1,spam:false};;;;;;;;
1107;5;6;false;,{Var1:5,Var2:6,spam:false};;;;;;;;
1108;33;55;false;,{Var1:33,Var2:55,spam:false};;;;;;;;
1109;58;74;false;,{Var1:58,Var2:74,spam:false};;;;;;;;
1110;11;14;false;,{Var1:11,Var2:14,spam:false};;;;;;;;
1111;6;4;false;,{Var1:6,Var2:4,spam:false};;;;;;;;
1112;36;45;false;,{Var1:36,Var2:45,spam:false};;;;;;;;
1113;36;48;false;,{Var1:36,Var2:48,spam:false};;;;;;;;
1114;24;28;false;,{Var1:24,Var2:28,spam:false};;;;;;;;
1115;3;3;false;,{Var1:3,Var2:3,spam:false};;;;;;;;
1116;5;3;false;,{Var1:5,Var2:3,spam:false};;;;;;;;
1117;24;24;false;,{Var1:24,Var2:24,spam:false};;;;;;;;
1118;5;7;false;,{Var1:5,Var2:7,spam:false};;;;;;;;
1119;61;-1;false;,{Var1:61,Var2:-1,spam:false};;;;;;;;
1120;21;20;false;,{Var1:21,Var2:20,spam:false};;;;;;;;
1121;13;16;false;,{Var1:13,Var2:16,spam:false};;;;;;;;
1122;17;22;false;,{Var1:17,Var2:22,spam:false};;;;;;;;
1123;15;9;false;,{Var1:15,Var2:9,spam:false};;;;;;;;
1124;44;70;false;,{Var1:44,Var2:70,spam:false};;;;;;;;
1125;2;2;false;,{Var1:2,Var2:2,spam:false};;;;;;;;
1126;182;-77;false;,{Var1:182,Var2:-77,spam:false};;;;;;;;
1127;29;20;false;,{Var1:29,Var2:20,spam:false};;;;;;;;
1128;20;22;false;,{Var1:20,Var2:22,spam:false};;;;;;;;
1129;6;7;false;,{Var1:6,Var2:7,spam:false};;;;;;;;
1130;3;4;false;,{Var1:3,Var2:4,spam:false};;;;;;;;
1131;40;-8;false;,{Var1:40,Var2:-8,spam:false};;;;;;;;
1132;79;-18;false;,{Var1:79,Var2:-18,spam:false};;;;;;;;
1133;27;10;false;,{Var1:27,Var2:10,spam:false};;;;;;;;
1134;17;5;false;,{Var1:17,Var2:5,spam:false};;;;;;;;
1135;33;16;false;,{Var1:33,Var2:16,spam:false};;;;;;;;
1136;108;58;false;,{Var1:108,Var2:58,spam:false};;;;;;;;
1137;15;12;false;,{Var1:15,Var2:12,spam:false};;;;;;;;
1138;22;16;false;,{Var1:22,Var2:16,spam:false};;;;;;;;
1139;34;47;false;,{Var1:34,Var2:47,spam:false};;;;;;;;
1140;18;34;false;,{Var1:18,Var2:34,spam:false};;;;;;;;
1141;16;5;false;,{Var1:16,Var2:5,spam:false};;;;;;;;
1142;0;0;false;,{Var1:0,Var2:0,spam:false};;;;;;;;
1143;22;41;false;,{Var1:22,Var2:41,spam:false};;;;;;;;
1144;20;13;false;,{Var1:20,Var2:13,spam:false};;;;;;;;
1145;29;39;false;,{Var1:29,Var2:39,spam:false};;;;;;;;
1146;39;22;false;,{Var1:39,Var2:22,spam:false};;;;;;;;
1147;60;38;false;,{Var1:60,Var2:38,spam:false};;;;;;;;
1148;1;1;false;,{Var1:1,Var2:1,spam:false};;;;;;;;
1149;35;25;false;,{Var1:35,Var2:25,spam:false};;;;;;;;
1150;10;7;false;,{Var1:10,Var2:7,spam:false};;;;;;;;
1151;24;38;false;,{Var1:24,Var2:38,spam:false};;;;;;;;
1152;16;18;false;,{Var1:16,Var2:18,spam:false};;;;;;;;
1153;5;4;false;,{Var1:5,Var2:4,spam:false};;;;;;;;
1154;37;53;false;,{Var1:37,Var2:53,spam:false};;;;;;;;
1155;25;38;false;,{Var1:25,Var2:38,spam:false};;;;;;;;
1156;36;39;false;,{Var1:36,Var2:39,spam:false};;;;;;;;
1157;29;0;false;,{Var1:29,Var2:0,spam:false};;;;;;;;
1158;48;61;false;,{Var1:48,Var2:61,spam:false};;;;;;;;
1159;40;-20;false;,{Var1:40,Var2:-20,spam:false};;;;;;;;
1160;152;15;false;,{Var1:152,Var2:15,spam:false};;;;;;;;
1161;11;15;false;,{Var1:11,Var2:15,spam:false};;;;;;;;
1162;0;0;false;,{Var1:0,Var2:0,spam:false};;;;;;;;
1163;29;49;false;,{Var1:29,Var2:49,spam:false};;;;;;;;
1164;55;51;false;,{Var1:55,Var2:51,spam:false};;;;;;;;
1165;31;19;false;,{Var1:31,Var2:19,spam:false};;;;;;;;
1166;14;4;false;,{Var1:14,Var2:4,spam:false};;;;;;;;
1167;33;41;false;,{Var1:33,Var2:41,spam:false};;;;;;;;
1168;16;14;false;,{Var1:16,Var2:14,spam:false};;;;;;;;
1169;34;-21;false;,{Var1:34,Var2:-21,spam:false};;;;;;;;
1170;12;11;false;,{Var1:12,Var2:11,spam:false};;;;;;;;
1171;26;35;false;,{Var1:26,Var2:35,spam:false};;;;;;;;
1172;6;7;false;,{Var1:6,Var2:7,spam:false};;;;;;;;
1173;0;0;false;,{Var1:0,Var2:0,spam:false};;;;;;;;
1174;12;15;false;,{Var1:12,Var2:15,spam:false};;;;;;;;
1175;31;35;false;,{Var1:31,Var2:35,spam:false};;;;;;;;
1176;10;11;false;,{Var1:10,Var2:11,spam:false};;;;;;;;
1177;12;17;false;,{Var1:12,Var2:17,spam:false};;;;;;;;
1178;87;100;false;,{Var1:87,Var2:100,spam:false};;;;;;;;
1179;17;19;false;,{Var1:17,Var2:19,spam:false};;;;;;;;
1180;36;49;false;,{Var1:36,Var2:49,spam:false};;;;;;;;
1181;2;2;false;,{Var1:2,Var2:2,spam:false};;;;;;;;
1182;2;1;false;,{Var1:2,Var2:1,spam:false};;;;;;;;
1183;191;-84;false;,{Var1:191,Var2:-84,spam:false};;;;;;;;
1184;8;10;false;,{Var1:8,Var2:10,spam:false};;;;;;;;
1185;58;-17;false;,{Var1:58,Var2:-17,spam:false};;;;;;;;
1186;7;5;false;,{Var1:7,Var2:5,spam:false};;;;;;;;
1187;41;47;false;,{Var1:41,Var2:47,spam:false};;;;;;;;
1188;32;35;false;,{Var1:32,Var2:35,spam:false};;;;;;;;
1189;84;-42;false;,{Var1:84,Var2:-42,spam:false};;;;;;;;
1190;0;0;false;,{Var1:0,Var2:0,spam:false};;;;;;;;
1191;47;27;false;,{Var1:47,Var2:27,spam:false};;;;;;;;
1192;16;24;false;,{Var1:16,Var2:24,spam:false};;;;;;;;
1193;26;33;false;,{Var1:26,Var2:33,spam:false};;;;;;;;
1194;50;36;false;,{Var1:50,Var2:36,spam:false};;;;;;;;
1195;16;13;false;,{Var1:16,Var2:13,spam:false};;;;;;;;
1196;16;16;false;,{Var1:16,Var2:16,spam:false};;;;;;;;
1197;13;15;false;,{Var1:13,Var2:15,spam:false};;;;;;;;
1198;57;13;false;,{Var1:57,Var2:13,spam:false};;;;;;;;
1199;12;5;false;,{Var1:12,Var2:5,spam:false};;;;;;;;
1200;39;40;false;,{Var1:39,Var2:40,spam:false};;;;;;;;
1201;17;14;false;,{Var1:17,Var2:14,spam:false};;;;;;;;
1202;25;24;false;,{Var1:25,Var2:24,spam:false};;;;;;;;
1203;142;-49;false;,{Var1:142,Var2:-49,spam:false};;;;;;;;
1204;19;19;false;,{Var1:19,Var2:19,spam:false};;;;;;;;
1205;15;22;false;,{Var1:15,Var2:22,spam:false};;;;;;;;
1206;7;8;false;,{Var1:7,Var2:8,spam:false};;;;;;;;
1207;5;3;false;,{Var1:5,Var2:3,spam:false};;;;;;;;
1208;35;42;false;,{Var1:35,Var2:42,spam:false};;;;;;;;
1209;14;31;false;,{Var1:14,Var2:31,spam:false};;;;;;;;
1210;50;36;false;,{Var1:50,Var2:36,spam:false};;;;;;;;
1211;3;3;false;,{Var1:3,Var2:3,spam:false};;;;;;;;
1212;33;5;false;,{Var1:33,Var2:5,spam:false};;;;;;;;
1213;12;13;false;,{Var1:12,Var2:13,spam:false};;;;;;;;
1214;28;-7;false;,{Var1:28,Var2:-7,spam:false};;;;;;;;
1215;23;28;false;,{Var1:23,Var2:28,spam:false};;;;;;;;
1216;10;15;false;,{Var1:10,Var2:15,spam:false};;;;;;;;
1217;21;22;false;,{Var1:21,Var2:22,spam:false};;;;;;;;
1218;8;3;false;,{Var1:8,Var2:3,spam:false};;;;;;;;
1219;12;10;false;,{Var1:12,Var2:10,spam:false};;;;;;;;
1220;6;11;false;,{Var1:6,Var2:11,spam:false};;;;;;;;
1221;14;15;false;,{Var1:14,Var2:15,spam:false};;;;;;;;
1222;9;8;false;,{Var1:9,Var2:8,spam:false};;;;;;;;
1223;12;15;false;,{Var1:12,Var2:15,spam:false};;;;;;;;
1224;1;0;false;,{Var1:1,Var2:0,spam:false};;;;;;;;
1225;45;26;false;,{Var1:45,Var2:26,spam:false};;;;;;;;
1226;24;-3;false;,{Var1:24,Var2:-3,spam:false};;;;;;;;
1227;10;5;false;,{Var1:10,Var2:5,spam:false};;;;;;;;
1228;25;38;false;,{Var1:25,Var2:38,spam:false};;;;;;;;
1229;45;42;false;,{Var1:45,Var2:42,spam:false};;;;;;;;
1230;50;26;false;,{Var1:50,Var2:26,spam:false};;;;;;;;
1231;12;22;false;,{Var1:12,Var2:22,spam:false};;;;;;;;
1232;152;-69;false;,{Var1:152,Var2:-69,spam:false};;;;;;;;
1233;10;18;false;,{Var1:10,Var2:18,spam:false};;;;;;;;
1234;422;193;false;,{Var1:422,Var2:193,spam:false};;;;;;;;
1235;8;7;false;,{Var1:8,Var2:7,spam:false};;;;;;;;
1236;32;8;false;,{Var1:32,Var2:8,spam:false};;;;;;;;
1237;5;5;false;,{Var1:5,Var2:5,spam:false};;;;;;;;
1238;6;5;false;,{Var1:6,Var2:5,spam:false};;;;;;;;
1239;12;3;false;,{Var1:12,Var2:3,spam:false};;;;;;;;
1240;36;0;false;,{Var1:36,Var2:0,spam:false};;;;;;;;
1241;9;13;false;,{Var1:9,Var2:13,spam:false};;;;;;;;
1242;2;1;false;,{Var1:2,Var2:1,spam:false};;;;;;;;
1243;1;1;false;,{Var1:1,Var2:1,spam:false};;;;;;;;
1244;14;7;false;,{Var1:14,Var2:7,spam:false};;;;;;;;
1245;24;12;false;,{Var1:24,Var2:12,spam:false};;;;;;;;
1246;9;5;false;,{Var1:9,Var2:5,spam:false};;;;;;;;
1247;32;26;false;,{Var1:32,Var2:26,spam:false};;;;;;;;
1248;0;0;false;,{Var1:0,Var2:0,spam:false};;;;;;;;
1249;21;28;false;,{Var1:21,Var2:28,spam:false};;;;;;;;
1250;62;63;false;,{Var1:62,Var2:63,spam:false};;;;;;;;
1251;2;2;false;,{Var1:2,Var2:2,spam:false};;;;;;;;
1252;14;11;false;,{Var1:14,Var2:11,spam:false};;;;;;;;
1253;43;-19;false;,{Var1:43,Var2:-19,spam:false};;;;;;;;
1254;12;22;false;,{Var1:12,Var2:22,spam:false};;;;;;;;
1255;10;-1;false;,{Var1:10,Var2:-1,spam:false};;;;;;;;
1256;4;3;false;,{Var1:4,Var2:3,spam:false};;;;;;;;
1257;32;42;false;,{Var1:32,Var2:42,spam:false};;;;;;;;
1258;56;76;false;,{Var1:56,Var2:76,spam:false};;;;;;;;
1259;51;-12;false;,{Var1:51,Var2:-12,spam:false};;;;;;;;
1260;1;2;false;,{Var1:1,Var2:2,spam:false};;;;;;;;
1261;33;54;false;,{Var1:33,Var2:54,spam:false};;;;;;;;
1262;43;67;false;,{Var1:43,Var2:67,spam:false};;;;;;;;
1263;4;4;false;,{Var1:4,Var2:4,spam:false};;;;;;;;
1264;27;-3;false;,{Var1:27,Var2:-3,spam:false};;;;;;;;
1265;11;12;false;,{Var1:11,Var2:12,spam:false};;;;;;;;
1266;23;-4;false;,{Var1:23,Var2:-4,spam:false};;;;;;;;
1267;18;20;false;,{Var1:18,Var2:20,spam:false};;;;;;;;
1268;89;-22;false;,{Var1:89,Var2:-22,spam:false};;;;;;;;
1269;14;22;false;,{Var1:14,Var2:22,spam:false};;;;;;;;
1270;11;7;false;,{Var1:11,Var2:7,spam:false};;;;;;;;
1271;26;-9;false;,{Var1:26,Var2:-9,spam:false};;;;;;;;
1272;13;1;false;,{Var1:13,Var2:1,spam:false};;;;;;;;
1273;4;4;false;,{Var1:4,Var2:4,spam:false};;;;;;;;
1274;31;26;false;,{Var1:31,Var2:26,spam:false};;;;;;;;
1275;30;31;false;,{Var1:30,Var2:31,spam:false};;;;;;;;
1276;34;11;false;,{Var1:34,Var2:11,spam:false};;;;;;;;
1277;14;9;false;,{Var1:14,Var2:9,spam:false};;;;;;;;
1278;19;13;false;,{Var1:19,Var2:13,spam:false};;;;;;;;
1279;66;-20;false;,{Var1:66,Var2:-20,spam:false};;;;;;;;
1280;37;60;false;,{Var1:37,Var2:60,spam:false};;;;;;;;
1281;3;3;false;,{Var1:3,Var2:3,spam:false};;;;;;;;
1282;9;8;false;,{Var1:9,Var2:8,spam:false};;;;;;;;
1283;0;0;false;,{Var1:0,Var2:0,spam:false};;;;;;;;
1284;18;11;false;,{Var1:18,Var2:11,spam:false};;;;;;;;
1285;53;51;false;,{Var1:53,Var2:51,spam:false};;;;;;;;
1286;30;40;false;,{Var1:30,Var2:40,spam:false};;;;;;;;
1287;24;-9;false;,{Var1:24,Var2:-9,spam:false};;;;;;;;
1288;11;23;false;,{Var1:11,Var2:23,spam:false};;;;;;;;
1289;30;25;false;,{Var1:30,Var2:25,spam:false};;;;;;;;
1290;18;23;false;,{Var1:18,Var2:23,spam:false};;;;;;;;
1291;10;9;false;,{Var1:10,Var2:9,spam:false};;;;;;;;
1292;14;25;false;,{Var1:14,Var2:25,spam:false};;;;;;;;
1293;43;46;false;,{Var1:43,Var2:46,spam:false};;;;;;;;
1294;9;4;false;,{Var1:9,Var2:4,spam:false};;;;;;;;
1295;7;7;false;,{Var1:7,Var2:7,spam:false};;;;;;;;
1296;7;6;false;,{Var1:7,Var2:6,spam:false};;;;;;;;
1297;28;14;false;,{Var1:28,Var2:14,spam:false};;;;;;;;
1298;15;17;false;,{Var1:15,Var2:17,spam:false};;;;;;;;
1299;63;70;false;,{Var1:63,Var2:70,spam:false};;;;;;;;
1300;39;42;false;,{Var1:39,Var2:42,spam:false};;;;;;;;
1301;2;2;false;,{Var1:2,Var2:2,spam:false};;;;;;;;
1302;5;7;false;,{Var1:5,Var2:7,spam:false};;;;;;;;
1303;7;16;false;,{Var1:7,Var2:16,spam:false};;;;;;;;
1304;53;57;false;,{Var1:53,Var2:57,spam:false};;;;;;;;
1305;54;5;false;,{Var1:54,Var2:5,spam:false};;;;;;;;
1306;1;1;false;,{Var1:1,Var2:1,spam:false};;;;;;;;
1307;35;34;false;,{Var1:35,Var2:34,spam:false};;;;;;;;
1308;13;8;false;,{Var1:13,Var2:8,spam:false};;;;;;;;
1309;5;4;false;,{Var1:5,Var2:4,spam:false};;;;;;;;
1310;8;7;false;,{Var1:8,Var2:7,spam:false};;;;;;;;
1311;13;8;false;,{Var1:13,Var2:8,spam:false};;;;;;;;
1312;3;2;false;,{Var1:3,Var2:2,spam:false};;;;;;;;
1313;185;-64;false;,{Var1:185,Var2:-64,spam:false};;;;;;;;
1314;15;-2;false;,{Var1:15,Var2:-2,spam:false};;;;;;;;
1315;26;-9;false;,{Var1:26,Var2:-9,spam:false};;;;;;;;
1316;67;109;false;,{Var1:67,Var2:109,spam:false};;;;;;;;
1317;5;7;false;,{Var1:5,Var2:7,spam:false};;;;;;;;
1318;68;54;false;,{Var1:68,Var2:54,spam:false};;;;;;;;
1319;8;-2;false;,{Var1:8,Var2:-2,spam:false};;;;;;;;
1320;2;3;false;,{Var1:2,Var2:3,spam:false};;;;;;;;
1321;20;19;false;,{Var1:20,Var2:19,spam:false};;;;;;;;
1322;43;30;false;,{Var1:43,Var2:30,spam:false};;;;;;;;
1323;18;26;false;,{Var1:18,Var2:26,spam:false};;;;;;;;
1324;23;12;false;,{Var1:23,Var2:12,spam:false};;;;;;;;
1325;36;47;false;,{Var1:36,Var2:47,spam:false};;;;;;;;
1326;18;19;false;,{Var1:18,Var2:19,spam:false};;;;;;;;
1327;29;-3;false;,{Var1:29,Var2:-3,spam:false};;;;;;;;
1328;2;2;false;,{Var1:2,Var2:2,spam:false};;;;;;;;
1329;144;-64;false;,{Var1:144,Var2:-64,spam:false};;;;;;;;
1330;13;7;false;,{Var1:13,Var2:7,spam:false};;;;;;;;
1331;35;26;false;,{Var1:35,Var2:26,spam:false};;;;;;;;
1332;14;13;false;,{Var1:14,Var2:13,spam:false};;;;;;;;
1333;9;-2;false;,{Var1:9,Var2:-2,spam:false};;;;;;;;
1334;14;13;false;,{Var1:14,Var2:13,spam:false};;;;;;;;
1335;25;20;false;,{Var1:25,Var2:20,spam:false};;;;;;;;
1336;18;13;false;,{Var1:18,Var2:13,spam:false};;;;;;;;
1337;3;6;false;,{Var1:3,Var2:6,spam:false};;;;;;;;
1338;6;4;false;,{Var1:6,Var2:4,spam:false};;;;;;;;
1339;6;4;false;,{Var1:6,Var2:4,spam:false};;;;;;;;
1340;1;1;false;,{Var1:1,Var2:1,spam:false};;;;;;;;
1341;24;24;false;,{Var1:24,Var2:24,spam:false};;;;;;;;
1342;65;4;false;,{Var1:65,Var2:4,spam:false};;;;;;;;
1343;7;8;false;,{Var1:7,Var2:8,spam:false};;;;;;;;
1344;10;7;false;,{Var1:10,Var2:7,spam:false};;;;;;;;
1345;47;75;false;,{Var1:47,Var2:75,spam:false};;;;;;;;
1346;3;5;false;,{Var1:3,Var2:5,spam:false};;;;;;;;
1347;12;14;false;,{Var1:12,Var2:14,spam:false};;;;;;;;
1348;15;12;false;,{Var1:15,Var2:12,spam:false};;;;;;;;
1349;48;66;false;,{Var1:48,Var2:66,spam:false};;;;;;;;
1350;23;19;false;,{Var1:23,Var2:19,spam:false};;;;;;;;
1351;68;78;false;,{Var1:68,Var2:78,spam:false};;;;;;;;
1352;3;3;false;,{Var1:3,Var2:3,spam:false};;;;;;;;
1353;36;24;false;,{Var1:36,Var2:24,spam:false};;;;;;;;
1354;9;10;false;,{Var1:9,Var2:10,spam:false};;;;;;;;
1355;25;33;false;,{Var1:25,Var2:33,spam:false};;;;;;;;
1356;35;36;false;,{Var1:35,Var2:36,spam:false};;;;;;;;
1357;1;1;false;,{Var1:1,Var2:1,spam:false};;;;;;;;
1358;42;37;false;,{Var1:42,Var2:37,spam:false};;;;;;;;
1359;6;5;false;,{Var1:6,Var2:5,spam:false};;;;;;;;
1360;29;26;false;,{Var1:29,Var2:26,spam:false};;;;;;;;
1361;11;7;false;,{Var1:11,Var2:7,spam:false};;;;;;;;
1362;14;13;false;,{Var1:14,Var2:13,spam:false};;;;;;;;
1363;56;-13;false;,{Var1:56,Var2:-13,spam:false};;;;;;;;
1364;25;-10;false;,{Var1:25,Var2:-10,spam:false};;;;;;;;
1365;8;4;false;,{Var1:8,Var2:4,spam:false};;;;;;;;
1366;27;45;false;,{Var1:27,Var2:45,spam:false};;;;;;;;
1367;9;7;false;,{Var1:9,Var2:7,spam:false};;;;;;;;
1368;32;-1;false;,{Var1:32,Var2:-1,spam:false};;;;;;;;
1369;16;26;false;,{Var1:16,Var2:26,spam:false};;;;;;;;
1370;51;20;false;,{Var1:51,Var2:20,spam:false};;;;;;;;
1371;2;2;false;,{Var1:2,Var2:2,spam:false};;;;;;;;
1372;44;41;false;,{Var1:44,Var2:41,spam:false};;;;;;;;
1373;25;21;false;,{Var1:25,Var2:21,spam:false};;;;;;;;
1374;2;2;false;,{Var1:2,Var2:2,spam:false};;;;;;;;
1375;1;1;false;,{Var1:1,Var2:1,spam:false};;;;;;;;
1376;12;15;false;,{Var1:12,Var2:15,spam:false};;;;;;;;
1377;16;7;false;,{Var1:16,Var2:7,spam:false};;;;;;;;
1378;2;2;false;,{Var1:2,Var2:2,spam:false};;;;;;;;
1379;20;8;false;,{Var1:20,Var2:8,spam:false};;;;;;;;
1380;23;17;false;,{Var1:23,Var2:17,spam:false};;;;;;;;
1381;7;8;false;,{Var1:7,Var2:8,spam:false};;;;;;;;
1382;3;5;false;,{Var1:3,Var2:5,spam:false};;;;;;;;
1383;9;11;false;,{Var1:9,Var2:11,spam:false};;;;;;;;
1384;20;23;false;,{Var1:20,Var2:23,spam:false};;;;;;;;
1385;14;9;false;,{Var1:14,Var2:9,spam:false};;;;;;;;
1386;9;11;false;,{Var1:9,Var2:11,spam:false};;;;;;;;
1387;23;19;false;,{Var1:23,Var2:19,spam:false};;;;;;;;
1388;27;33;false;,{Var1:27,Var2:33,spam:false};;;;;;;;
1389;6;14;false;,{Var1:6,Var2:14,spam:false};;;;;;;;
1390;5;5;false;,{Var1:5,Var2:5,spam:false};;;;;;;;
1391;40;-6;false;,{Var1:40,Var2:-6,spam:false};;;;;;;;
1392;15;13;false;,{Var1:15,Var2:13,spam:false};;;;;;;;
1393;10;12;false;,{Var1:10,Var2:12,spam:false};;;;;;;;
1394;7;7;false;,{Var1:7,Var2:7,spam:false};;;;;;;;
1395;10;24;false;,{Var1:10,Var2:24,spam:false};;;;;;;;
1396;40;44;false;,{Var1:40,Var2:44,spam:false};;;;;;;;
1397;13;6;false;,{Var1:13,Var2:6,spam:false};;;;;;;;
1398;81;98;false;,{Var1:81,Var2:98,spam:false};;;;;;;;
1399;191;-84;false;,{Var1:191,Var2:-84,spam:false};;;;;;;;
1400;2;1;false;,{Var1:2,Var2:1,spam:false};;;;;;;;
1401;1;1;false;,{Var1:1,Var2:1,spam:false};;;;;;;;
1402;49;-7;false;,{Var1:49,Var2:-7,spam:false};;;;;;;;
1403;10;9;false;,{Var1:10,Var2:9,spam:false};;;;;;;;
1404;11;12;false;,{Var1:11,Var2:12,spam:false};;;;;;;;
1405;13;16;false;,{Var1:13,Var2:16,spam:false};;;;;;;;
1406;26;0;false;,{Var1:26,Var2:0,spam:false};;;;;;;;
1407;9;19;false;,{Var1:9,Var2:19,spam:false};;;;;;;;
1408;11;3;false;,{Var1:11,Var2:3,spam:false};;;;;;;;
1409;74;19;false;,{Var1:74,Var2:19,spam:false};;;;;;;;
1410;6;8;false;,{Var1:6,Var2:8,spam:false};;;;;;;;
1411;0;0;false;,{Var1:0,Var2:0,spam:false};;;;;;;;
1412;14;15;false;,{Var1:14,Var2:15,spam:false};;;;;;;;
1413;27;20;false;,{Var1:27,Var2:20,spam:false};;;;;;;;
1414;18;28;false;,{Var1:18,Var2:28,spam:false};;;;;;;;
1415;7;10;false;,{Var1:7,Var2:10,spam:false};;;;;;;;
1416;34;25;false;,{Var1:34,Var2:25,spam:false};;;;;;;;
1417;11;2;false;,{Var1:11,Var2:2,spam:false};;;;;;;;
1418;2;2;false;,{Var1:2,Var2:2,spam:false};;;;;;;;
1419;64;-1;false;,{Var1:64,Var2:-1,spam:false};;;;;;;;
1420;10;3;false;,{Var1:10,Var2:3,spam:false};;;;;;;;
1421;7;6;false;,{Var1:7,Var2:6,spam:false};;;;;;;;
1422;7;4;false;,{Var1:7,Var2:4,spam:false};;;;;;;;
1423;7;10;false;,{Var1:7,Var2:10,spam:false};;;;;;;;
1424;5;7;false;,{Var1:5,Var2:7,spam:false};;;;;;;;
1425;6;6;false;,{Var1:6,Var2:6,spam:false};;;;;;;;
1426;32;33;false;,{Var1:32,Var2:33,spam:false};;;;;;;;
1427;66;1;false;,{Var1:66,Var2:1,spam:false};;;;;;;;
1428;15;8;false;,{Var1:15,Var2:8,spam:false};;;;;;;;
1429;0;0;false;,{Var1:0,Var2:0,spam:false};;;;;;;;
1430;1;2;false;,{Var1:1,Var2:2,spam:false};;;;;;;;
1431;15;-1;false;,{Var1:15,Var2:-1,spam:false};;;;;;;;
1432;16;18;false;,{Var1:16,Var2:18,spam:false};;;;;;;;
1433;62;-22;false;,{Var1:62,Var2:-22,spam:false};;;;;;;;
1434;33;45;false;,{Var1:33,Var2:45,spam:false};;;;;;;;
1435;20;9;false;,{Var1:20,Var2:9,spam:false};;;;;;;;
1436;16;2;false;,{Var1:16,Var2:2,spam:false};;;;;;;;
1437;13;13;false;,{Var1:13,Var2:13,spam:false};;;;;;;;
1438;9;8;false;,{Var1:9,Var2:8,spam:false};;;;;;;;
1439;85;110;false;,{Var1:85,Var2:110,spam:false};;;;;;;;
1440;5;7;false;,{Var1:5,Var2:7,spam:false};;;;;;;;
1441;191;-84;false;,{Var1:191,Var2:-84,spam:false};;;;;;;;
1442;6;2;false;,{Var1:6,Var2:2,spam:false};;;;;;;;
1443;13;5;false;,{Var1:13,Var2:5,spam:false};;;;;;;;
1444;32;18;false;,{Var1:32,Var2:18,spam:false};;;;;;;;
1445;44;33;false;,{Var1:44,Var2:33,spam:false};;;;;;;;
1446;4;4;false;,{Var1:4,Var2:4,spam:false};;;;;;;;
1447;8;2;false;,{Var1:8,Var2:2,spam:false};;;;;;;;
1448;5;6;false;,{Var1:5,Var2:6,spam:false};;;;;;;;
1449;45;31;false;,{Var1:45,Var2:31,spam:false};;;;;;;;
1450;1;1;false;,{Var1:1,Var2:1,spam:false};;;;;;;;
1451;19;26;false;,{Var1:19,Var2:26,spam:false};;;;;;;;
1452;1;-1;false;,{Var1:1,Var2:-1,spam:false};;;;;;;;
1453;35;16;false;,{Var1:35,Var2:16,spam:false};;;;;;;;
1454;52;-5;false;,{Var1:52,Var2:-5,spam:false};;;;;;;;
1455;15;34;false;,{Var1:15,Var2:34,spam:false};;;;;;;;
1456;9;7;false;,{Var1:9,Var2:7,spam:false};;;;;;;;
1457;83;30;false;,{Var1:83,Var2:30,spam:false};;;;;;;;
1458;9;5;false;,{Var1:9,Var2:5,spam:false};;;;;;;;
1459;56;8;false;,{Var1:56,Var2:8,spam:false};;;;;;;;
1460;32;39;false;,{Var1:32,Var2:39,spam:false};;;;;;;;
1461;27;36;false;,{Var1:27,Var2:36,spam:false};;;;;;;;
1462;0;0;false;,{Var1:0,Var2:0,spam:false};;;;;;;;
1463;7;2;false;,{Var1:7,Var2:2,spam:false};;;;;;;;
1464;42;0;false;,{Var1:42,Var2:0,spam:false};;;;;;;;
1465;9;9;false;,{Var1:9,Var2:9,spam:false};;;;;;;;
1466;25;16;false;,{Var1:25,Var2:16,spam:false};;;;;;;;
1467;8;4;false;,{Var1:8,Var2:4,spam:false};;;;;;;;
1468;1;1;false;,{Var1:1,Var2:1,spam:false};;;;;;;;
1469;2;3;false;,{Var1:2,Var2:3,spam:false};;;;;;;;
1470;53;57;false;,{Var1:53,Var2:57,spam:false};;;;;;;;
1471;2;0;false;,{Var1:2,Var2:0,spam:false};;;;;;;;
1472;15;18;false;,{Var1:15,Var2:18,spam:false};;;;;;;;
1473;41;58;false;,{Var1:41,Var2:58,spam:false};;;;;;;;
1474;31;29;false;,{Var1:31,Var2:29,spam:false};;;;;;;;
